Economy,Adult population, Year ,"TOTAL Number of 
Limited Liability Companies",Total business density rate
Afghanistan,"  14,039,528 ",2009,"  4,289 ",0.31
Afghanistan,"  14,444,996 ",2010,"  9,048 ",0.63
Afghanistan,"  15,041,824 ",2011,"  12,793 ",0.85
Afghanistan,"  15,743,958 ",2012,"  16,350 ",1.04
Afghanistan,"  16,519,812 ",2013,"  19,541 ",1.18
Afghanistan,"  17,322,062 ",2014,"  22,007 ",1.27
Afghanistan,"  18,116,800 ",2015,"  24,262 ",1.34
Afghanistan,"  18,826,589 ",2016,"  26,710 ",1.42
Afghanistan,"  19,513,959 ",2017,"  29,732 ",1.52
Afghanistan,"  20,193,609 ",2018,"  34,006 ",1.68
Albania,"  1,960,789 ",2006,"  23,667 ",12.07
Albania,"  1,959,058 ",2007,"  25,926 ",13.23
Albania,"  1,955,065 ",2008,"  28,649 ",14.65
Albania,"  1,951,106 ",2009,"  30,453 ",15.61
Albania,"  1,948,797 ",2010,"  32,420 ",16.64
Albania,"  1,961,405 ",2011,"  34,158 ",17.42
Albania,"  1,972,618 ",2012,"  35,800 ",18.15
Albania,"  1,979,460 ",2013,"  37,700 ",19.05
Albania,"  1,981,897 ",2014,"  39,848 ",20.11
Albania,"  1,979,179 ",2015,"  42,085 ",21.26
Albania,"  1,974,734 ",2016,"  44,630 ",22.60
Albania,"  1,972,416 ",2017,"  47,463 ",24.06
Albania,"  1,965,829 ",2018,"  50,477 ",25.68
Albania,"  1,952,204 ",2019,"  53,490 ",27.40
Albania,"  1,931,355 ",2020,"  56,261 ",29.13
Algeria,"  22,354,242 ",2006,"  45,055 ",2.02
Algeria,"  22,845,303 ",2007,"  51,909 ",2.27
Algeria,"  23,315,424 ",2008,"  53,825 ",2.31
Algeria,"  23,766,657 ",2009,"  59,346 ",2.50
Algeria,"  24,198,798 ",2010,"  61,674 ",2.55
Algeria,"  24,569,853 ",2011,"  64,940 ",2.64
Algeria,"  24,959,503 ",2012,"  69,880 ",2.80
Algeria,"  25,342,751 ",2013,"  74,359 ",2.93
Algeria,"  25,690,645 ",2014,"  79,245 ",3.08
Algeria,"  25,993,585 ",2015,"  83,504 ",3.21
Algeria,"  26,300,650 ",2016,"  88,692 ",3.37
Algeria,"  26,564,898 ",2017,"  95,262 ",3.59
Algeria,"  26,810,324 ",2018,"  101,047 ",3.77
Argentina,"  24,749,593 ",2006,"  14,668 ",0.59
Argentina,"  25,080,395 ",2007,"  17,076 ",0.68
Argentina,"  25,420,355 ",2008,"  19,585 ",0.77
Argentina,"  25,755,689 ",2009,"  21,799 ",0.85
Argentina,"  26,010,395 ",2010,"  26,069 ",1.00
Argentina,"  26,358,138 ",2011,"  31,812 ",1.21
Argentina,"  26,687,229 ",2012,"  36,695 ",1.38
Argentina,"  27,002,574 ",2013,"  42,071 ",1.56
Argentina,"  27,315,081 ",2014,"  47,345 ",1.73
Argentina,"  27,630,346 ",2015,"  52,325 ",1.89
Argentina,"  27,924,237 ",2016,"  58,224 ",2.09
Argentina,"  28,225,466 ",2017,"  64,462 ",2.28
Argentina,"  28,530,443 ",2018,"  70,170 ",2.46
Armenia,"  1,987,008 ",2006,"  25,230 ",12.70
Armenia,"  1,990,071 ",2007,"  28,520 ",14.33
Armenia,"  1,994,590 ",2008,"  31,864 ",15.98
Armenia,"  1,998,528 ",2009,"  34,439 ",17.23
Armenia,"  2,001,042 ",2010,"  36,966 ",18.47
Armenia,"  2,004,811 ",2011,"  39,569 ",19.74
Armenia,"  2,009,727 ",2012,"  42,770 ",21.28
Armenia,"  2,014,464 ",2013,"  45,010 ",22.34
Armenia,"  2,018,089 ",2014,"  48,190 ",23.88
Armenia,"  2,019,881 ",2015,"  51,318 ",25.41
Armenia,"  2,018,926 ",2016,"  54,411 ",26.95
Armenia,"  2,015,678 ",2017,"  47,892 ",23.76
Armenia,"  2,010,512 ",2018,"  52,688 ",26.21
Armenia,"  2,003,872 ",2019,"  59,419 ",29.65
Armenia,"  1,996,176 ",2020,"  64,808 ",32.47
Australia,"  13,967,584 ",2006,"  1,501,582 ",107.50
Australia,"  14,083,094 ",2007,"  1,583,899 ",112.47
Australia,"  14,382,253 ",2008,"  1,649,248 ",114.67
Australia,"  14,679,103 ",2009,"  1,709,185 ",116.44
Australia,"  14,891,504 ",2010,"  1,778,452 ",119.43
Australia,"  15,042,394 ",2011,"  1,854,241 ",123.27
Australia,"  15,250,481 ",2012,"  1,938,110 ",127.09
Australia,"  15,455,787 ",2013,"  2,036,459 ",131.76
Australia,"  15,623,408 ",2014,"  2,150,464 ",137.64
Australia,"  15,780,014 ",2015,"  2,280,924 ",144.55
Australia,"  15,943,398 ",2016,"  2,404,461 ",150.81
Australia,"  16,121,831 ",2017,"  2,529,551 ",156.90
Australia,"  16,276,948 ",2018,"  2,631,647 ",161.68
Australia,"  16,437,853 ",2019,"  2,714,713 ",165.15
Australia,"  16,566,733 ",2020,"  2,807,351 ",169.46
Austria,"  5,601,862 ",2006,"  71,872 ",12.83
Austria,"  5,614,453 ",2007,"  74,610 ",13.29
Austria,"  5,627,244 ",2008,"  77,492 ",13.77
Austria,"  5,636,777 ",2009,"  79,619 ",14.12
Austria,"  5,644,039 ",2010,"  81,688 ",14.47
Austria,"  5,658,054 ",2011,"  83,451 ",14.75
Austria,"  5,678,351 ",2012,"  85,390 ",15.04
Austria,"  5,704,617 ",2013,"  87,913 ",15.41
Austria,"  5,740,267 ",2014,"  91,646 ",15.97
Austria,"  5,794,026 ",2015,"  94,272 ",16.27
Austria,"  5,846,595 ",2016,"  96,503 ",16.51
Austria,"  5,877,874 ",2017,"  99,056 ",16.85
Austria,"  5,896,670 ",2018,"  101,983 ",17.30
Austria,"  5,910,700 ",2019,"  104,991 ",17.76
Austria,"  5,919,581 ",2020,"  108,825 ",18.38
Azerbaijan,"  6,124,539 ",2008,"  29,797 ",4.87
Azerbaijan,"  6,323,530 ",2009,"  34,236 ",5.41
Azerbaijan,"  6,452,695 ",2010,"  37,578 ",5.82
Azerbaijan,"  6,565,755 ",2011,"  41,547 ",6.33
Azerbaijan,"  6,665,639 ",2012,"  45,985 ",6.90
Azerbaijan,"  6,749,582 ",2013,"  52,839 ",7.83
Azerbaijan,"  6,822,750 ",2014,"  59,472 ",8.72
Azerbaijan,"  6,888,625 ",2015,"  64,541 ",9.37
Azerbaijan,"  6,930,695 ",2016,"  71,639 ",10.34
Azerbaijan,"  6,969,033 ",2017,"  82,582 ",11.85
Azerbaijan,"  7,001,102 ",2018,"  94,109 ",13.44
Azerbaijan,"  7,028,194 ",2019,"  109,742 ",15.61
Azerbaijan,"  7,051,107 ",2020,"  118,906 ",16.86
Bahrain,"  705,697 ",2006,"  8,045 ",11.40
Bahrain,"  776,279 ",2007,"  9,461 ",12.19
Bahrain,"  847,089 ",2008,"  11,044 ",13.04
Bahrain,"  910,966 ",2009,"  12,171 ",13.36
Bahrain,"  963,018 ",2010,"  13,534 ",14.05
Bahrain,"  990,589 ",2011,"  14,741 ",14.88
Bahrain,"  1,006,064 ",2012,"  16,087 ",15.99
Bahrain,"  1,015,656 ",2013,"  17,520 ",17.25
Bahrain,"  1,029,179 ",2014,"  18,959 ",18.42
Bahrain,"  1,053,941 ",2015,"  20,526 ",19.48
Bahrain,"  1,101,676 ",2016,"  24,756 ",22.47
Bahrain,"  1,162,186 ",2017,"  28,933 ",24.90
Bahrain,"  1,229,175 ",2018,"  32,757 ",26.65
Bangladesh,"  100,611,229 ",2014,"  134,133 ",1.33
Bangladesh,"  102,533,152 ",2015,"  141,689 ",1.38
Bangladesh,"  104,440,785 ",2016,"  149,792 ",1.43
Bangladesh,"  106,391,908 ",2017,"  157,421 ",1.48
Bangladesh,"  108,341,203 ",2018,"  161,894 ",1.49
Belarus,"  6,722,301 ",2006,"  28,675 ",4.27
Belarus,"  6,727,786 ",2007,"  31,475 ",4.68
Belarus,"  6,740,078 ",2008,"  35,433 ",5.26
Belarus,"  6,751,254 ",2009,"  39,184 ",5.80
Belarus,"  6,751,613 ",2010,"  43,339 ",6.42
Belarus,"  6,723,813 ",2011,"  47,124 ",7.01
Belarus,"  6,689,976 ",2012,"  52,134 ",7.79
Belarus,"  6,653,923 ",2013,"  58,448 ",8.78
Belarus,"  6,618,651 ",2014,"  63,040 ",9.52
Belarus,"  6,587,087 ",2015,"  64,706 ",9.82
Belarus,"  6,562,720 ",2016,"  69,113 ",10.53
Belarus,"  6,526,921 ",2017,"  73,208 ",11.22
Belarus,"  6,476,178 ",2018,"  76,933 ",11.88
Belarus,"  6,381,802 ",2019,"  65,865 ",10.32
Belgium,"  6,918,110 ",2006,"  443,314 ",64.08
Belgium,"  6,977,859 ",2007,"  456,866 ",65.47
Belgium,"  7,043,441 ",2008,"  470,014 ",66.73
Belgium,"  7,105,641 ",2009,"  479,619 ",67.50
Belgium,"  7,167,469 ",2010,"  491,610 ",68.59
Belgium,"  7,246,345 ",2011,"  502,985 ",69.41
Belgium,"  7,271,587 ",2012,"  508,583 ",69.94
Belgium,"  7,282,454 ",2013,"  512,195 ",70.33
Belgium,"  7,291,041 ",2014,"  511,428 ",70.14
Belgium,"  7,311,715 ",2015,"  518,378 ",70.90
Belgium,"  7,321,395 ",2016,"  527,335 ",72.03
Belgium,"  7,323,263 ",2017,"  535,457 ",73.12
Belgium,"  7,331,122 ",2018,"  577,923 ",78.83
Belgium,"  7,345,506 ",2019,"  588,461 ",80.11
Belgium,"  7,362,533 ",2020,"  605,147 ",82.19
Bhutan,"  401,992 ",2006,  72 ,0.18
Bhutan,"  410,782 ",2007,  83 ,0.20
Bhutan,"  419,206 ",2008,  104 ,0.25
Bhutan,"  427,709 ",2009,  117 ,0.27
Bhutan,"  436,573 ",2010,  135 ,0.31
Bhutan,"  446,293 ",2011,  158 ,0.35
Bhutan,"  456,420 ",2012,  240 ,0.53
Bhutan,"  466,741 ",2013,  263 ,0.56
Bhutan,"  476,945 ",2014,  292 ,0.61
Bhutan,"  486,795 ",2015,  336 ,0.69
Bhutan,"  496,649 ",2016,  386 ,0.78
Bhutan,"  505,907 ",2017,  458 ,0.91
Bhutan,"  514,691 ",2018,  505 ,0.98
Bolivia,"  6,480,521 ",2014,"  45,993 ",7.10
Bolivia,"  6,613,026 ",2015,"  49,672 ",7.51
Bolivia,"  6,742,201 ",2016,"  53,048 ",7.87
Bolivia,"  6,874,595 ",2017,"  58,731 ",8.54
Bolivia,"  7,008,805 ",2018,"  60,324 ",8.61
Bosnia and Herzegovina,"  2,616,738 ",2009,"  42,256 ",16.15
Bosnia and Herzegovina,"  2,605,074 ",2010,"  40,194 ",15.43
Bosnia and Herzegovina,"  2,572,147 ",2011,"  37,425 ",14.55
Bosnia and Herzegovina,"  2,534,303 ",2012,"  34,508 ",13.62
Bosnia and Herzegovina,"  2,494,032 ",2013,"  33,784 ",13.55
Bosnia and Herzegovina,"  2,452,272 ",2014,"  31,207 ",12.73
Bosnia and Herzegovina,"  2,410,083 ",2015,"  30,922 ",12.83
Bosnia and Herzegovina,"  2,370,397 ",2016,"  31,573 ",13.32
Bosnia and Herzegovina,"  2,327,792 ",2017,"  32,145 ",13.81
Bosnia and Herzegovina,"  2,285,649 ",2018,"  33,099 ",14.48
Bosnia and Herzegovina,"  2,248,148 ",2019,"  34,334 ",15.27
Bosnia and Herzegovina,"  2,216,576 ",2020,"  34,583 ",15.60
Botswana,"  1,112,867 ",2006,"  81,764 ",73.47
Botswana,"  1,142,617 ",2007,"  88,727 ",77.65
Botswana,"  1,172,970 ",2008,"  96,952 ",82.66
Botswana,"  1,201,370 ",2009,"  107,907 ",89.82
Botswana,"  1,226,338 ",2010,"  119,600 ",97.53
Botswana,"  1,243,364 ",2011,"  131,953 ",106.13
Botswana,"  1,256,436 ",2012,"  148,147 ",117.91
Botswana,"  1,267,950 ",2013,"  163,239 ",128.74
Botswana,"  1,281,343 ",2014,"  181,860 ",141.93
Botswana,"  1,298,871 ",2015,"  205,372 ",158.12
Botswana,"  1,324,650 ",2016,"  231,985 ",175.13
Botswana,"  1,355,556 ",2017,"  191,944 ",175.13
Botswana,"  1,389,929 ",2018,"  212,737 ",153.06
Botswana,"  1,425,281 ",2019,"  230,114 ",161.45
Brazil ,"  148,150,775 ",2020,"  4,238,155 ",28.61
Brunei Darussalam,"  284,506 ",2012,"  9,154 ",32.18
Brunei Darussalam,"  289,077 ",2013,"  9,629 ",33.31
Brunei Darussalam,"  293,594 ",2014,"  10,080 ",34.33
Brunei Darussalam,"  298,063 ",2015,"  10,567 ",35.45
Brunei Darussalam,"  301,477 ",2016,"  11,240 ",37.28
Brunei Darussalam,"  305,356 ",2017,"  11,924 ",39.05
Brunei Darussalam,"  309,282 ",2018,"  12,557 ",40.60
Brunei Darussalam,"  312,730 ",2019,"  13,257 ",42.39
Brunei Darussalam,"  315,451 ",2020,"  13,474 ",42.71
Bulgaria,"  5,161,618 ",2008,"  40,574 ",7.86
Bulgaria,"  5,115,270 ",2009,"  63,610 ",12.44
Bulgaria,"  5,060,439 ",2010,"  85,591 ",16.91
Bulgaria,"  4,991,351 ",2011,"  104,656 ",20.97
Bulgaria,"  4,923,015 ",2012,"  116,760 ",23.72
Bulgaria,"  4,854,077 ",2013,"  124,741 ",25.70
Bulgaria,"  4,785,446 ",2014,"  132,220 ",27.63
Bulgaria,"  4,716,474 ",2015,"  140,589 ",29.81
Bulgaria,"  4,651,208 ",2016,"  149,568 ",32.16
Bulgaria,"  4,585,049 ",2017,"  157,979 ",34.46
Bulgaria,"  4,522,903 ",2018,"  166,212 ",36.75
Bulgaria,"  4,468,788 ",2019,"  173,561 ",38.84
Bulgaria,"  4,423,254 ",2020,"  178,822 ",40.43
Cambodia,"  8,126,987 ",2006,"  13,186 ",1.62
Cambodia,"  8,350,588 ",2007,"  14,480 ",1.73
Cambodia,"  8,576,109 ",2008,"  17,196 ",2.01
Cambodia,"  8,797,142 ",2009,"  19,166 ",2.18
Cambodia,"  9,008,108 ",2010,"  21,702 ",2.41
Cambodia,"  9,202,172 ",2011,"  24,769 ",2.69
Cambodia,"  9,406,756 ",2012,"  28,099 ",2.99
Cambodia,"  9,610,514 ",2013,"  31,061 ",3.23
Cambodia,"  9,802,044 ",2014,"  34,846 ",3.55
Cambodia,"  9,976,967 ",2015,"  39,216 ",3.93
Cambodia,"  10,146,087 ",2016,"  43,440 ",4.28
Cambodia,"  10,296,732 ",2017,"  48,869 ",4.75
Cambodia,"  10,437,228 ",2018,"  55,876 ",5.35
Cambodia,"  10,581,563 ",2019,"  65,326 ",6.17
Cambodia,"  10,737,291 ",2020,"  70,676 ",6.58
Chile,"  11,003,318 ",2006,"  882,704 ",80.22
Chile,"  11,183,369 ",2007,"  894,832 ",80.01
Chile,"  11,362,681 ",2008,"  907,133 ",79.83
Chile,"  11,535,330 ",2009,"  920,638 ",79.81
Chile,"  11,697,421 ",2010,"  938,820 ",80.26
Chile,"  11,840,216 ",2011,"  967,828 ",81.74
Chile,"  11,974,750 ",2012,"  997,567 ",83.31
Chile,"  12,103,916 ",2013,"  1,024,927 ",84.68
Chile,"  12,234,050 ",2014,"  1,058,525 ",86.52
Chile,"  12,369,487 ",2015,"  1,085,509 ",87.76
Chile,"  12,531,893 ",2016,"  1,110,983 ",88.65
Chile,"  12,704,687 ",2017,"  1,168,488 ",91.97
Chile,"  12,869,989 ",2018,"  1,258,810 ",97.81
Chile,"  13,005,680 ",2019,"  1,294,136 ",99.51
China,"  48,573,741 ",2010,"  610,758 ",22.95
China,"  48,896,498 ",2011,"  675,444 ",25.11
China,"  49,199,841 ",2012,"  740,358 ",27.27
China,"  49,009,507 ",2013,"  822,362 ",29.99
China,"  49,373,073 ",2014,"  995,620 ",36.38
China,"  49,996,870 ",2015,"  1,185,401 ",43.48
China,"  49,664,243 ",2016,"  1,328,804 ",49.19
China,"  49,280,502 ",2017,"  1,514,928 ",56.67
China,"  48,778,392 ",2018,"  1,643,153 ",62.32
China,"  48,250,940 ",2019,"  1,674,699 ",64.42
China,"  49,018,053 ",2020,"  1,759,734 ",65.09
Colombia,"  31,271,416 ",2013,"  324,226 ",10.37
Colombia,"  31,717,551 ",2014,"  360,772 ",11.37
Colombia,"  32,207,435 ",2015,"  389,195 ",12.08
Colombia,"  32,767,678 ",2016,"  409,510 ",12.50
Colombia,"  33,378,033 ",2017,"  432,820 ",12.97
Colombia,"  33,990,041 ",2018,"  449,461 ",13.22
Colombia,"  34,539,596 ",2019,"  489,601 ",14.18
Colombia,"  34,984,968 ",2020,"  452,144 ",12.92
"Congo, Dem. Rep.","  38,608,872 ",2015,"  3,879 ",0.10
"Congo, Dem. Rep.","  39,893,705 ",2016,"  5,444 ",0.14
"Congo, Dem. Rep.","  41,266,544 ",2017,"  6,908 ",0.17
"Congo, Dem. Rep.","  42,720,477 ",2018,"  9,010 ",0.21
"Congo, Dem. Rep.","  44,247,274 ",2019,"  10,490 ",0.24
"Congo, Dem. Rep.","  45,843,026 ",2020,"  12,285 ",0.27
Cook Islands,"  8,027 ",2006,"  1,335 ",166.31
Cook Islands,"  7,875 ",2007,"  1,299 ",164.95
Cook Islands,"  7,720 ",2008,"  1,245 ",161.27
Cook Islands,"  7,562 ",2009,"  1,133 ",149.83
Cook Islands,"  7,562 ",2010,"  1,035 ",136.87
Cook Islands,"  7,562 ",2011,"  1,008 ",133.30
Cook Islands,"  7,562 ",2012,"  1,249 ",165.17
Cook Islands,"  7,562 ",2013,"  1,115 ",147.45
Cook Islands,"  7,562 ",2014,"  1,069 ",141.36
Cook Islands,"  6,367 ",2015,"  1,138 ",178.73
Cook Islands,"  6,367 ",2016,"  1,054 ",165.54
Costa Rica,"  3,423,989 ",2017,"  321,873 ",94.01
Costa Rica,"  3,455,885 ",2018,"  340,623 ",98.56
Costa Rica,"  3,484,883 ",2019,"  344,881 ",98.96
Costa Rica,"  3,510,806 ",2020,"  342,147 ",97.46
Croatia,"  2,894,527 ",2006,"  104,965 ",36.26
Croatia,"  2,894,882 ",2007,"  115,787 ",40.00
Croatia,"  2,892,514 ",2008,"  125,290 ",43.32
Croatia,"  2,886,823 ",2009,"  131,373 ",45.51
Croatia,"  2,877,813 ",2010,"  140,232 ",48.73
Croatia,"  2,856,126 ",2011,"  151,983 ",53.21
Croatia,"  2,840,765 ",2012,"  159,447 ",56.13
Croatia,"  2,829,802 ",2013,"  144,938 ",51.22
Croatia,"  2,814,384 ",2014,"  157,638 ",56.01
Croatia,"  2,783,338 ",2015,"  169,952 ",61.06
Croatia,"  2,753,101 ",2016,"  183,177 ",66.53
Croatia,"  2,703,200 ",2017,"  181,497 ",67.14
Croatia,"  2,658,840 ",2018,"  189,183 ",71.15
Croatia,"  2,625,245 ",2019,"  203,415 ",77.48
Croatia,"  2,598,553 ",2020,"  214,496 ",82.54
Cyprus,"  727,065 ",2006,"  155,846 ",214.35
Cyprus,"  743,237 ",2007,"  184,133 ",247.74
Cyprus,"  759,205 ",2008,"  207,614 ",273.46
Cyprus,"  774,041 ",2009,"  221,089 ",285.63
Cyprus,"  787,131 ",2010,"  237,372 ",301.57
Cyprus,"  795,452 ",2011,"  254,227 ",319.60
Cyprus,"  802,068 ",2012,"  269,345 ",335.81
Cyprus,"  807,171 ",2013,"  272,157 ",337.17
Cyprus,"  811,525 ",2014,"  251,748 ",310.22
Cyprus,"  815,842 ",2015,"  227,840 ",279.27
Cyprus,"  819,172 ",2016,"  208,493 ",254.52
Cyprus,"  822,807 ",2017,"  217,588 ",264.45
Cyprus,"  826,455 ",2018,"  216,239 ",261.65
Cyprus,"  829,948 ",2019,"  223,282 ",269.03
Cyprus,"  833,248 ",2020,"  229,735 ",275.71
Czech Republic,"  7,286,247 ",2006,"  244,417 ",33.54
Czech Republic,"  7,321,482 ",2007,"  261,449 ",35.71
Czech Republic,"  7,368,581 ",2008,"  280,395 ",38.05
Czech Republic,"  7,384,196 ",2009,"  297,647 ",40.31
Czech Republic,"  7,365,424 ",2010,"  315,289 ",42.81
Czech Republic,"  7,317,324 ",2011,"  332,005 ",45.37
Czech Republic,"  7,258,124 ",2012,"  348,463 ",48.01
Czech Republic,"  7,186,005 ",2013,"  365,149 ",50.81
Czech Republic,"  7,116,772 ",2014,"  384,788 ",54.07
Czech Republic,"  7,054,347 ",2015,"  405,889 ",57.54
Czech Republic,"  7,002,546 ",2016,"  426,962 ",60.97
Czech Republic,"  6,951,850 ",2017,"  447,375 ",64.35
Czech Republic,"  6,908,658 ",2018,"  465,717 ",67.41
Czech Republic,"  6,880,827 ",2019,"  480,140 ",69.78
Czech Republic,"  6,858,148 ",2020,"  491,811 ",71.71
Denmark,"  3,587,339 ",2006,"  186,027 ",51.86
Denmark,"  3,595,618 ",2007,"  208,285 ",57.93
Denmark,"  3,608,862 ",2008,"  226,784 ",62.84
Denmark,"  3,619,861 ",2009,"  235,452 ",65.04
Denmark,"  3,627,218 ",2010,"  243,010 ",67.00
Denmark,"  3,629,632 ",2011,"  247,138 ",68.09
Denmark,"  3,631,273 ",2012,"  249,760 ",68.78
Denmark,"  3,632,226 ",2013,"  252,029 ",69.39
Denmark,"  3,634,226 ",2014,"  263,461 ",72.49
Denmark,"  3,643,647 ",2015,"  280,676 ",77.03
Denmark,"  3,664,797 ",2016,"  301,433 ",82.25
Denmark,"  3,680,871 ",2017,"  322,286 ",87.56
Denmark,"  3,692,214 ",2018,"  342,575 ",92.78
Dominica,"  47,833 ",2009,"  18,028 ",376.89
Dominica,"  47,833 ",2010,"  18,818 ",393.41
Dominica,"  47,833 ",2011,"  19,698 ",411.81
Dominica,"  46,082 ",2012,"  20,588 ",446.77
Dominica,"  46,082 ",2013,"  21,333 ",462.94
Dominica,"  46,298 ",2014,"  22,163 ",478.70
Dominica,"  49,422 ",2015,"  22,896 ",463.28
Dominica,"  49,472 ",2016,"  23,455 ",474.11
Dominica,"  49,641 ",2017,"  23,368 ",470.74
Dominica,"  47,953 ",2018,"  23,635 ",492.88
Dominica,"  47,953 ",2019,"  23,886 ",498.11
Dominica,"  47,953 ",2020,"  24,111 ",502.80
Ecuador,"  10,430,610 ",2015,"  298,027 ",28.57
"Egypt, Arab Rep.","  53,904,414 ",2012,"  10,298 ",0.19
"Egypt, Arab Rep.","  54,872,338 ",2013,"  12,748 ",0.23
"Egypt, Arab Rep.","  55,871,428 ",2014,"  15,629 ",0.28
"Egypt, Arab Rep.","  56,930,105 ",2015,"  19,208 ",0.34
"Egypt, Arab Rep.","  57,809,111 ",2016,"  23,375 ",0.40
"Egypt, Arab Rep.","  58,865,210 ",2017,"  28,555 ",0.49
"Egypt, Arab Rep.","  60,010,346 ",2018,"  38,741 ",0.65
"Egypt, Arab Rep.","  61,125,132 ",2019,"  52,056 ",0.85
"Egypt, Arab Rep.","  62,165,379 ",2020,"  66,614 ",1.07
El Salvador,"  3,610,779 ",2006,"  36,824 ",10.20
El Salvador,"  3,653,950 ",2007,"  38,854 ",10.63
El Salvador,"  3,696,848 ",2008,"  40,682 ",11.00
El Salvador,"  3,741,886 ",2009,"  42,454 ",11.35
El Salvador,"  3,789,851 ",2010,"  44,312 ",11.69
El Salvador,"  3,838,960 ",2011,"  46,093 ",12.01
El Salvador,"  3,892,529 ",2012,"  47,949 ",12.32
El Salvador,"  3,946,985 ",2013,"  49,938 ",12.65
El Salvador,"  3,997,000 ",2014,"  52,020 ",13.01
El Salvador,"  4,039,973 ",2015,"  54,178 ",13.41
El Salvador,"  4,082,034 ",2016,"  56,396 ",13.82
El Salvador,"  4,117,125 ",2017,"  58,545 ",14.22
El Salvador,"  4,146,567 ",2018,"  60,906 ",14.69
El Salvador,"  4,173,638 ",2019,"  63,523 ",15.22
El Salvador,"  4,200,364 ",2020,"  65,294 ",15.54
Estonia,"  915,809 ",2006,"  82,623 ",90.22
Estonia,"  910,562 ",2007,"  92,097 ",101.14
Estonia,"  906,562 ",2008,"  97,900 ",107.99
Estonia,"  902,296 ",2009,"  104,434 ",115.74
Estonia,"  896,652 ",2010,"  113,427 ",126.50
Estonia,"  888,349 ",2011,"  123,201 ",138.69
Estonia,"  879,415 ",2012,"  132,216 ",150.35
Estonia,"  870,282 ",2013,"  139,532 ",160.33
Estonia,"  861,690 ",2014,"  152,491 ",176.97
Estonia,"  855,639 ",2015,"  161,666 ",188.94
Estonia,"  852,779 ",2016,"  172,314 ",202.06
Estonia,"  849,251 ",2017,"  178,380 ",210.04
Estonia,"  846,284 ",2018,"  197,351 ",233.20
Estonia,"  843,176 ",2019,"  205,742 ",244.01
Estonia,"  840,278 ",2020,"  222,981 ",265.37
Ethiopia,"  56,781,160 ",2016,"  69,416 ",1.22
Ethiopia,"  58,798,058 ",2017,"  103,625 ",1.76
Ethiopia,"  60,855,347 ",2018,"  134,465 ",  2.21 
Finland,"  3,507,533 ",2006,"  179,482 ",51.17
Finland,"  3,523,576 ",2007,"  188,056 ",53.37
Finland,"  3,540,395 ",2008,"  196,429 ",55.48
Finland,"  3,551,641 ",2009,"  205,886 ",57.97
Finland,"  3,553,105 ",2010,"  214,973 ",60.50
Finland,"  3,544,386 ",2011,"  224,276 ",63.28
Finland,"  3,529,791 ",2012,"  233,462 ",66.14
Finland,"  3,510,727 ",2013,"  242,575 ",69.10
Finland,"  3,490,743 ",2014,"  251,644 ",72.09
Finland,"  3,471,884 ",2015,"  261,311 ",75.26
Finland,"  3,455,182 ",2016,"  268,335 ",77.66
Finland,"  3,440,986 ",2017,"  270,553 ",78.63
Finland,"  3,427,018 ",2018,"  272,084 ",79.39
Finland,"  3,414,728 ",2019,"  266,134 ",77.94
Finland,"  3,405,838 ",2020,"  261,316 ",76.73
France,"  41,357,725 ",2006,"  1,439,524 ",34.81
France,"  41,606,000 ",2007,"  1,492,254 ",35.87
France,"  41,819,122 ",2008,"  1,567,817 ",37.49
France,"  41,971,517 ",2009,"  1,623,797 ",38.69
France,"  42,053,369 ",2010,"  1,694,547 ",40.30
France,"  42,065,655 ",2011,"  1,749,709 ",41.59
France,"  42,019,760 ",2012,"  1,825,971 ",43.46
France,"  41,950,712 ",2013,"  1,914,498 ",45.64
France,"  41,868,703 ",2014,"  2,003,901 ",47.86
France,"  41,770,003 ",2015,"  2,096,050 ",50.18
France,"  41,682,778 ",2016,"  2,200,554 ",52.79
France,"  41,637,179 ",2017,"  2,321,665 ",55.76
France,"  41,609,176 ",2018,"  2,437,033 ",58.57
France,"  41,564,189 ",2019,"  2,562,781 ",61.66
Gabon,"  808,602 ",2006,"  1,432 ",1.77
Gabon,"  840,865 ",2007,"  2,451 ",2.91
Gabon,"  874,922 ",2008,"  3,520 ",4.02
Gabon,"  911,146 ",2009,"  4,529 ",4.97
Gabon,"  949,721 ",2010,"  5,777 ",6.08
Gabon,"  992,018 ",2011,"  7,028 ",7.08
Gabon,"  1,036,950 ",2012,"  8,286 ",7.99
Gabon,"  1,082,663 ",2013,"  9,707 ",8.97
Gabon,"  1,127,187 ",2014,"  11,327 ",10.05
Gabon,"  1,169,403 ",2015,"  12,871 ",11.01
Gabon,"  1,200,824 ",2016,"  14,046 ",11.70
Gabon,"  1,230,488 ",2017,"  15,238 ",12.38
Gabon,"  1,259,066 ",2018,"  16,344 ",12.98
Georgia,"  2,589,823 ",2006,"  56,199 ",21.70
Georgia,"  2,588,599 ",2007,"  63,752 ",24.63
Georgia,"  2,593,319 ",2008,"  72,354 ",27.90
Georgia,"  2,580,489 ",2009,"  78,802 ",30.54
Georgia,"  2,567,536 ",2010,"  89,622 ",34.91
Georgia,"  2,543,624 ",2011,"  103,336 ",40.63
Georgia,"  2,519,263 ",2012,"  117,694 ",46.72
Georgia,"  2,503,452 ",2013,"  135,224 ",54.02
Georgia,"  2,493,684 ",2014,"  152,536 ",61.17
Georgia,"  2,484,190 ",2015,"  170,589 ",68.67
Georgia,"  2,469,523 ",2016,"  191,609 ",77.59
Georgia,"  2,452,928 ",2017,"  216,782 ",88.38
Georgia,"  2,434,900 ",2018,"  241,794 ",99.30
Georgia,"  2,414,664 ",2019,"  264,093 ",109.37
Georgia,"  2,396,506 ",2020,"  281,788 ",117.58
Germany,"  54,784,420 ",2006,"  467,626 ",8.54
Germany,"  54,552,203 ",2007,"  471,033 ",8.63
Germany,"  54,305,247 ",2008,"  489,479 ",9.01
Germany,"  54,049,519 ",2009,"  497,996 ",9.21
Germany,"  53,873,715 ",2010,"  510,743 ",9.48
Germany,"  52,809,101 ",2011,"  528,385 ",10.01
Germany,"  52,878,539 ",2012,"  554,465 ",10.49
Germany,"  53,010,250 ",2013,"  564,962 ",10.66
Germany,"  53,192,333 ",2014,"  575,396 ",10.82
Germany,"  53,557,394 ",2015,"  586,574 ",10.95
Germany,"  53,852,728 ",2016,"  597,965 ",11.10
Germany,"  53,874,035 ",2017,"  609,705 ",11.32
Germany,"  53,819,953 ",2018,"  625,223 ",11.62
Germany,"  53,709,229 ",2019,"  643,135 ",11.97
Greece,"  7,279,540 ",2011,"  51,199 ",7.03
Greece,"  7,214,133 ",2012,"  55,891 ",7.75
Greece,"  7,136,265 ",2013,"  61,250 ",8.58
Greece,"  7,063,412 ",2014,"  67,134 ",9.50
Greece,"  6,992,363 ",2015,"  73,713 ",10.54
Greece,"  6,952,093 ",2016,"  76,702 ",11.03
Greece,"  6,925,566 ",2017,"  82,470 ",11.91
Greece,"  6,898,397 ",2018,"  90,429 ",13.11
Greece,"  6,879,174 ",2019,"  99,937 ",14.53
Greece,"  6,864,347 ",2020,"  109,449 ",15.94
Grenada,"  66,919 ",2006,"  3,871 ",57.85
Grenada,"  67,753 ",2007,"  4,055 ",59.85
Grenada,"  68,590 ",2008,"  4,226 ",61.61
Grenada,"  69,466 ",2009,"  4,309 ",62.03
Grenada,"  70,361 ",2010,"  4,423 ",62.86
Grenada,"  70,954 ",2011,"  4,500 ",63.42
Grenada,"  71,717 ",2012,"  4,558 ",63.56
Grenada,"  72,491 ",2013,"  4,643 ",64.05
Grenada,"  73,141 ",2014,"  4,691 ",64.14
Grenada,"  73,625 ",2015,"  4,781 ",64.94
Grenada,"  74,056 ",2016,"  4,921 ",66.45
Grenada,"  74,321 ",2017,"  5,042 ",67.84
Grenada,"  74,467 ",2018,"  5,191 ",69.71
Hungary,"  6,930,944 ",2006,"  238,411 ",34.40
Hungary,"  6,921,074 ",2007,"  257,347 ",37.18
Hungary,"  6,915,089 ",2008,"  292,165 ",42.25
Hungary,"  6,912,717 ",2009,"  319,849 ",46.27
Hungary,"  6,904,786 ",2010,"  350,245 ",50.72
Hungary,"  6,873,528 ",2011,"  388,426 ",56.51
Hungary,"  6,826,448 ",2012,"  405,077 ",59.34
Hungary,"  6,792,201 ",2013,"  413,386 ",60.86
Hungary,"  6,750,522 ",2014,"  412,636 ",61.13
Hungary,"  6,701,387 ",2015,"  398,161 ",59.41
Hungary,"  6,636,894 ",2016,"  385,938 ",58.15
Hungary,"  6,562,819 ",2017,"  380,082 ",57.91
Hungary,"  6,493,935 ",2018,"  376,304 ",57.95
Hungary,"  6,436,478 ",2019,"  375,884 ",58.40
Hungary,"  6,379,098 ",2020,"  380,870 ",59.71
Iceland,"  201,363 ",2006,"  25,386 ",126.07
Iceland,"  207,445 ",2007,"  27,557 ",132.84
Iceland,"  212,216 ",2008,"  28,662 ",135.06
Iceland,"  213,605 ",2009,"  30,167 ",141.23
Iceland,"  213,715 ",2010,"  30,188 ",141.25
Iceland,"  213,713 ",2011,"  30,004 ",140.39
Iceland,"  214,157 ",2012,"  30,318 ",141.57
Iceland,"  215,407 ",2013,"  31,086 ",144.31
Iceland,"  216,932 ",2014,"  32,119 ",148.06
Iceland,"  218,248 ",2015,"  33,642 ",154.15
Iceland,"  220,678 ",2016,"  34,966 ",158.45
Iceland,"  225,218 ",2017,"  36,503 ",162.08
Iceland,"  230,583 ",2018,"  37,544 ",162.82
Iceland,"  234,945 ",2019,"  38,572 ",164.17
Iceland,"  238,007 ",2020,"  40,004 ",168.08
India,"  732,023,639 ",2006,"  762,401 ",1.04
India,"  746,636,061 ",2007,"  805,581 ",1.08
India,"  761,335,665 ",2008,"  821,735 ",1.08
India,"  776,202,642 ",2009,"  858,192 ",1.11
India,"  791,275,567 ",2010,"  912,822 ",1.15
India,"  805,553,067 ",2011,"  962,561 ",1.19
India,"  820,295,461 ",2012,"  1,048,563 ",1.28
India,"  835,217,793 ",2013,"  1,131,119 ",1.35
India,"  849,862,019 ",2014,"  1,180,474 ",1.39
India,"  863,969,043 ",2015,"  1,239,909 ",1.44
India,"  877,814,039 ",2016,"  1,317,538 ",1.50
India,"  890,731,260 ",2017,"  1,194,127 ",1.34
India,"  903,115,190 ",2018,"  1,178,740 ",1.31
India,"  915,551,973 ",2019,"  1,220,450 ",1.33
India,"  928,266,848 ",2020,"  1,348,386 ",1.45
"Iran, Islamic Rep.","  57,695,557 ",2020,"  585,548 ",10.15
Iraq,"  14,991,538 ",2006,"  32,019 ",2.14
Iraq,"  15,250,619 ",2007,"  35,527 ",2.33
Iraq,"  15,522,351 ",2008,"  40,820 ",2.63
Iraq,"  15,863,752 ",2009,"  45,527 ",2.87
Iraq,"  16,308,982 ",2010,"  48,059 ",2.95
Iraq,"  17,033,717 ",2011,"  50,068 ",2.94
Iraq,"  17,862,517 ",2012,"  52,476 ",2.94
Iraq,"  18,750,462 ",2013,"  55,520 ",2.96
Iraq,"  19,638,482 ",2014,"  57,478 ",2.93
Iraq,"  20,484,555 ",2015,"  59,279 ",2.89
Iraq,"  21,141,845 ",2016,"  61,299 ",2.90
Ireland,"  2,955,513 ",2006,"  167,574 ",56.70
Ireland,"  3,034,132 ",2007,"  177,513 ",58.51
Ireland,"  3,086,191 ",2008,"  180,668 ",58.54
Ireland,"  3,105,774 ",2009,"  181,307 ",58.38
Ireland,"  3,110,223 ",2010,"  181,681 ",58.41
Ireland,"  3,096,398 ",2011,"  181,055 ",58.47
Ireland,"  3,082,560 ",2012,"  185,549 ",60.19
Ireland,"  3,072,327 ",2013,"  182,815 ",59.50
Ireland,"  3,068,647 ",2014,"  188,009 ",61.27
Ireland,"  3,072,081 ",2015,"  196,585 ",63.99
Ireland,"  3,095,584 ",2016,"  203,111 ",65.61
Ireland,"  3,119,517 ",2017,"  213,011 ",68.28
Ireland,"  3,150,506 ",2018,"  221,092 ",70.18
Ireland,"  3,188,906 ",2019,"  231,232 ",72.51
Ireland,"  3,226,081 ",2020,"  249,607 ",77.37
Isle of Man,"  49,607 ",2006,"  31,269 ",630.33
Isle of Man,"  49,968 ",2007,"  32,714 ",654.70
Isle of Man,"  50,249 ",2008,"  31,201 ",620.93
Isle of Man,"  50,516 ",2009,"  30,009 ",594.05
Isle of Man,"  50,516 ",2010,"  29,289 ",579.80
Isle of Man,"  50,516 ",2011,"  29,084 ",575.74
Isle of Man,"  50,516 ",2012,"  28,820 ",570.51
Isle of Man,"  50,516 ",2013,"  28,611 ",566.38
Isle of Man,"  50,516 ",2014,"  28,303 ",560.28
Isle of Man,"  56,075 ",2015,"  28,785 ",513.33
Isle of Man,"  56,075 ",2016,"  27,377 ",488.22
Israel,"  4,392,383 ",2006,"  238,570 ",54.31
Israel,"  4,477,347 ",2007,"  252,686 ",56.44
Israel,"  4,559,949 ",2008,"  265,621 ",58.25
Israel,"  4,668,708 ",2009,"  278,175 ",59.58
Israel,"  4,748,577 ",2010,"  292,400 ",61.58
Israel,"  4,818,704 ",2011,"  304,883 ",63.27
Israel,"  4,887,353 ",2012,"  315,071 ",64.47
Israel,"  4,956,123 ",2013,"  323,893 ",65.35
Israel,"  5,027,873 ",2014,"  334,886 ",66.61
Israel,"  5,104,539 ",2015,"  347,284 ",68.03
Israel,"  5,178,968 ",2016,"  360,359 ",69.58
Israel,"  5,256,726 ",2017,"  370,609 ",70.50
Israel,"  5,338,364 ",2018,"  380,744 ",71.32
Israel,"  5,423,867 ",2019,"  379,527 ",69.97
Israel,"  5,507,760 ",2020,"  410,995 ",74.62
Italy,"  38,358,790 ",2006,"  1,120,737 ",29.22
Italy,"  38,478,501 ",2007,"  1,171,707 ",30.45
Italy,"  38,683,286 ",2008,"  1,208,277 ",31.24
Italy,"  38,798,488 ",2009,"  1,251,736 ",32.26
Italy,"  38,823,371 ",2010,"  1,296,213 ",33.39
Italy,"  38,757,674 ",2011,"  1,334,317 ",34.43
Italy,"  38,712,836 ",2012,"  1,362,251 ",35.19
Italy,"  39,007,077 ",2013,"  1,396,509 ",35.80
Italy,"  39,223,884 ",2014,"  1,441,797 ",36.76
Italy,"  39,071,616 ",2015,"  1,496,488 ",38.30
Italy,"  38,898,890 ",2016,"  1,549,655 ",39.84
Italy,"  38,758,774 ",2017,"  1,610,820 ",41.56
Italy,"  38,621,108 ",2018,"  1,675,099 ",43.37
Jamaica,"  1,721,518 ",2006,"  71,195 ",41.36
Jamaica,"  1,744,998 ",2007,"  73,219 ",41.96
Jamaica,"  1,768,906 ",2008,"  75,356 ",42.60
Jamaica,"  1,793,981 ",2009,"  77,413 ",43.15
Jamaica,"  1,819,694 ",2010,"  79,433 ",43.65
Jamaica,"  1,844,051 ",2011,"  81,330 ",44.10
Jamaica,"  1,868,182 ",2012,"  83,276 ",44.58
Jamaica,"  1,891,553 ",2013,"  85,224 ",45.06
Jamaica,"  1,913,524 ",2014,"  86,999 ",45.47
Jamaica,"  1,933,815 ",2015,"  89,226 ",46.14
Jamaica,"  1,949,955 ",2016,"  91,770 ",47.06
Jamaica,"  1,965,510 ",2017,"  94,503 ",48.08
Jamaica,"  1,979,654 ",2018,"  97,662 ",49.33
Jamaica,"  1,991,455 ",2019,"  101,484 ",50.96
Jamaica,"  2,000,681 ",2020,"  105,448 ",52.71
Japan,"  84,116,655 ",2007,"  9,000 ",0.11
Japan,"  83,563,130 ",2008,"  14,000 ",0.17
Japan,"  82,886,937 ",2009,"  19,000 ",0.23
Japan,"  82,153,251 ",2010,"  26,000 ",0.32
Japan,"  81,219,621 ",2011,"  34,000 ",0.42
Japan,"  80,252,578 ",2012,"  43,000 ",0.54
Japan,"  79,281,609 ",2013,"  57,000 ",0.72
Japan,"  78,362,321 ",2014,"  75,000 ",0.96
Japan,"  77,544,929 ",2015,"  95,000 ",1.23
Japan,"  76,823,835 ",2016,"  115,000 ",1.50
Japan,"  76,168,000 ",2017,"  139,000 ",1.82
Japan,"  75,571,759 ",2018,"  165,000 ",2.18
Japan,"  75,032,834 ",2019,"  192,000 ",2.56
Japan,"  74,437,254 ",2020,"  221,000 ",2.97
Jordan,"  3,504,951 ",2006,"  14,116 ",4.03
Jordan,"  3,665,972 ",2007,"  16,307 ",4.45
Jordan,"  3,849,206 ",2008,"  18,820 ",4.89
Jordan,"  4,053,346 ",2009,"  217,715 ",53.71
Jordan,"  4,276,455 ",2010,"  25,001 ",5.85
Jordan,"  4,524,066 ",2011,"  28,760 ",6.36
Jordan,"  4,792,490 ",2012,"  32,901 ",6.87
Jordan,"  5,068,173 ",2013,"  37,321 ",7.36
Jordan,"  5,335,525 ",2014,"  41,677 ",7.81
Jordan,"  5,584,745 ",2015,"  45,331 ",8.12
Jordan,"  5,804,859 ",2016,"  48,990 ",8.44
Jordan,"  5,999,064 ",2017,"  53,165 ",8.86
Jordan,"  6,169,333 ",2018,"  56,664 ",9.18
Jordan,"  6,318,040 ",2019,"  59,741 ",9.46
Jordan,"  6,447,615 ",2020,"  62,519 ",9.70
Kazakhstan,"  10,430,083 ",2006,"  180,522 ",17.31
Kazakhstan,"  10,605,282 ",2007,"  200,261 ",18.88
Kazakhstan,"  10,860,235 ",2008,"  214,196 ",19.72
Kazakhstan,"  11,115,952 ",2009,"  217,436 ",19.56
Kazakhstan,"  11,283,976 ",2010,"  218,143 ",19.33
Kazakhstan,"  11,387,642 ",2011,"  232,366 ",20.41
Kazakhstan,"  11,475,051 ",2012,"  247,770 ",21.59
Kazakhstan,"  11,551,018 ",2013,"  267,371 ",23.15
Kazakhstan,"  11,617,712 ",2014,"  282,443 ",24.31
Kazakhstan,"  11,673,506 ",2015,"  293,125 ",25.11
Kazakhstan,"  11,703,874 ",2016,"  314,708 ",26.89
Kazakhstan,"  11,715,232 ",2017,"  342,712 ",29.25
Kazakhstan,"  11,723,906 ",2018,"  366,176 ",31.23
Kazakhstan,"  11,749,963 ",2019,"  399,082 ",33.96
Kazakhstan,"  11,806,487 ",2020,"  440,293 ",37.29
"Korea, Rep.","  35,092,206 ",2006,"  335,121 ",9.55
"Korea, Rep.","  35,357,898 ",2007,"  353,292 ",9.99
"Korea, Rep.","  35,733,681 ",2008,"  378,095 ",10.58
"Korea, Rep.","  36,019,548 ",2009,"  397,970 ",11.05
"Korea, Rep.","  36,276,129 ",2010,"  417,973 ",11.52
"Korea, Rep.","  36,594,976 ",2011,"  436,423 ",11.93
"Korea, Rep.","  36,823,182 ",2012,"  459,856 ",12.49
"Korea, Rep.","  37,017,029 ",2013,"  494,047 ",13.35
"Korea, Rep.","  37,254,974 ",2014,"  526,280 ",14.13
"Korea, Rep.","  37,424,014 ",2015,"  564,685 ",15.09
"Korea, Rep.","  37,473,059 ",2016,"  614,175 ",16.39
"Korea, Rep.","  37,454,263 ",2017,"  660,873 ",17.64
"Korea, Rep.","  37,470,606 ",2018,"  704,005 ",18.79
"Korea, Rep.","  37,330,545 ",2019,"  748,732 ",20.06
Kosovo,"  1,214,796 ",2006,"  2,925 ",2.41
Kosovo,"  1,214,796 ",2007,"  3,783 ",3.11
Kosovo,"  1,214,796 ",2008,"  4,659 ",3.84
Kosovo,"  1,214,796 ",2009,"  5,517 ",4.54
Kosovo,"  1,214,796 ",2010,"  6,488 ",5.34
Kosovo,"  1,214,796 ",2011,"  7,594 ",6.25
Kosovo,"  1,214,796 ",2012,"  9,060 ",7.46
Kosovo,"  1,214,796 ",2013,"  11,030 ",9.08
Kosovo,"  1,214,796 ",2014,"  13,147 ",10.82
Kosovo,"  1,214,796 ",2015,"  15,686 ",12.91
Kosovo,"  1,225,209 ",2016,"  19,664 ",16.05
Kosovo,"  1,184,646 ",2017,"  24,320 ",20.53
Kosovo,"  1,338,581 ",2018,"  29,686 ",22.18
Kosovo,"  1,338,581 ",2019,"  35,272 ",26.35
Kosovo,"  1,222,104 ",2020,"  41,040 ",33.58
Kyrgyz Republic,"  3,340,049 ",2006,"  4,409 ",1.32
Kyrgyz Republic,"  3,402,850 ",2007,"  5,388 ",1.58
Kyrgyz Republic,"  3,461,071 ",2008,"  5,494 ",1.59
Kyrgyz Republic,"  3,520,961 ",2009,"  4,600 ",1.31
Kyrgyz Republic,"  3,572,715 ",2010,"  4,441 ",1.24
Kyrgyz Republic,"  3,613,051 ",2011,"  5,285 ",1.46
Kyrgyz Republic,"  3,661,332 ",2012,"  6,129 ",1.67
Latvia,"  1,515,875 ",2006,"  70,775 ",46.69
Latvia,"  1,501,639 ",2007,"  81,650 ",54.37
Latvia,"  1,483,833 ",2008,"  89,389 ",60.24
Latvia,"  1,455,985 ",2009,"  94,932 ",65.20
Latvia,"  1,420,719 ",2010,"  105,048 ",73.94
Latvia,"  1,386,771 ",2011,"  119,711 ",86.32
Latvia,"  1,360,772 ",2012,"  133,045 ",97.77
Latvia,"  1,336,809 ",2013,"  146,026 ",109.23
Latvia,"  1,314,303 ",2014,"  156,399 ",119.00
Latvia,"  1,293,047 ",2015,"  162,655 ",125.79
Latvia,"  1,275,493 ",2016,"  163,980 ",128.56
Latvia,"  1,254,506 ",2017,"  159,198 ",126.90
Latvia,"  1,232,632 ",2018,"  150,131 ",121.80
Latvia,"  1,212,516 ",2019,"  137,565 ",113.45
Latvia,"  1,195,703 ",2020,"  135,457 ",113.29
Lesotho,"  1,169,206 ",2006,"  11,349 ",9.71
Lesotho,"  1,175,640 ",2007,"  12,391 ",10.54
Lesotho,"  1,184,602 ",2008,"  13,788 ",11.64
Lesotho,"  1,194,897 ",2009,"  15,289 ",12.80
Lesotho,"  1,205,899 ",2010,"  17,009 ",14.10
Lesotho,"  1,214,902 ",2011,"  18,584 ",15.30
Lesotho,"  1,225,835 ",2012,"  20,379 ",16.62
Lesotho,"  1,239,098 ",2013,"  22,411 ",18.09
Lesotho,"  1,254,813 ",2014,"  24,344 ",19.40
Lesotho,"  1,272,385 ",2015,"  26,916 ",21.15
Lesotho,"  1,285,193 ",2016,"  29,217 ",22.73
Lesotho,"  1,299,803 ",2017,"  31,660 ",24.36
Lesotho,"  1,315,228 ",2018,"  35,385 ",26.90
Lesotho,"  1,330,571 ",2019,"  34,532 ",25.95
Lesotho,"  1,345,616 ",2020,"  35,385 ",26.30
Liechtenstein,"  24,088 ",2008,  85 ,3.53
Liechtenstein,"  24,137 ",2009,  84 ,3.48
Liechtenstein,"  24,279 ",2010,  87 ,3.58
Liechtenstein,"  24,421 ",2011,  106 ,4.34
Liechtenstein,"  24,565 ",2012,  127 ,5.17
Liechtenstein,"  24,709 ",2013,  161 ,6.52
Liechtenstein,"  24,854 ",2014,  174 ,7.00
Liechtenstein,"  24,956 ",2015,  197 ,7.89
Liechtenstein,"  25,670 ",2016,  232 ,9.04
Liechtenstein,"  25,848 ",2017,  345 ,13.35
Liechtenstein,"  25,848 ",2018,  501 ,19.38
Lithuania,"  2,203,368 ",2006,"  61,568 ",27.94
Lithuania,"  2,182,569 ",2007,"  67,095 ",30.74
Lithuania,"  2,165,656 ",2008,"  72,619 ",33.53
Lithuania,"  2,146,413 ",2009,"  77,042 ",35.89
Lithuania,"  2,105,015 ",2010,"  86,239 ",40.97
Lithuania,"  2,052,782 ",2011,"  92,842 ",45.23
Lithuania,"  2,019,161 ",2012,"  102,270 ",50.65
Lithuania,"  1,991,560 ",2013,"  108,677 ",54.57
Lithuania,"  1,966,235 ",2014,"  115,366 ",58.67
Lithuania,"  1,938,149 ",2015,"  119,961 ",61.89
Lithuania,"  1,904,209 ",2016,"  120,278 ",63.16
Lithuania,"  1,865,942 ",2017,"  124,627 ",66.79
Lithuania,"  1,832,561 ",2018,"  128,124 ",69.92
Lithuania,"  1,807,978 ",2019,"  131,869 ",72.94
Lithuania,"  1,785,928 ",2020,"  135,295 ",75.76
Luxembourg,"  339,213 ",2009,"  43,458 ",128.11
Luxembourg,"  346,568 ",2010,"  46,319 ",133.65
Luxembourg,"  355,809 ",2011,"  49,419 ",138.89
Luxembourg,"  365,858 ",2012,"  52,706 ",144.06
Luxembourg,"  375,779 ",2013,"  56,072 ",149.22
Luxembourg,"  386,096 ",2014,"  60,182 ",155.87
Luxembourg,"  396,603 ",2015,"  64,260 ",162.03
Luxembourg,"  405,770 ",2016,"  67,886 ",167.30
Luxembourg,"  416,411 ",2017,"  70,792 ",170.01
Luxembourg,"  425,188 ",2018,"  75,185 ",176.83
Luxembourg,"  434,111 ",2019,"  78,917 ",181.79
Luxembourg,"  442,919 ",2020,"  76,510 ",172.74
Madagascar,"  13,012,457 ",2014,"  11,107 ",0.85
Madagascar,"  13,455,384 ",2015,"  12,650 ",0.94
Madagascar,"  13,897,810 ",2016,"  14,222 ",1.02
Madagascar,"  14,344,418 ",2017,"  16,126 ",1.12
Madagascar,"  14,797,535 ",2018,"  18,007 ",1.22
Malaysia,"  17,145,977 ",2006,"  756,245 ",44.11
Malaysia,"  17,573,459 ",2007,"  799,582 ",45.50
Malaysia,"  18,016,934 ",2008,"  841,205 ",46.69
Malaysia,"  18,472,321 ",2009,"  882,243 ",47.76
Malaysia,"  18,927,789 ",2010,"  927,045 ",48.98
Malaysia,"  19,364,284 ",2011,"  972,500 ",50.22
Malaysia,"  19,763,743 ",2012,"  1,017,941 ",51.51
Malaysia,"  20,139,068 ",2013,"  1,064,262 ",52.85
Malaysia,"  20,504,718 ",2014,"  1,113,465 ",54.30
Malaysia,"  20,867,238 ",2015,"  1,162,975 ",55.73
Malaysia,"  21,197,148 ",2016,"  1,209,530 ",57.06
Malaysia,"  21,531,344 ",2017,"  1,261,615 ",58.59
Malaysia,"  21,859,364 ",2018,"  1,313,337 ",60.08
Malaysia,"  22,168,121 ",2019,"  1,362,760 ",61.47
Malaysia,"  22,451,709 ",2020,"  1,410,593 ",62.83
Maldives,"  214,781 ",2006,"  1,512 ",7.04
Maldives,"  224,346 ",2007,"  1,793 ",7.99
Maldives,"  234,026 ",2008,"  2,088 ",8.92
Maldives,"  244,585 ",2009,"  2,384 ",9.75
Maldives,"  256,571 ",2010,"  2,683 ",10.46
Maldives,"  271,295 ",2011,"  3,013 ",11.11
Maldives,"  287,632 ",2012,"  3,348 ",11.64
Maldives,"  305,023 ",2013,"  3,763 ",12.34
Maldives,"  322,806 ",2014,"  4,442 ",13.76
Maldives,"  340,473 ",2015,"  5,333 ",15.66
Maldives,"  358,509 ",2016,"  6,508 ",18.15
Maldives,"  376,402 ",2017,"  7,714 ",20.49
Maldives,"  392,702 ",2018,"  8,776 ",22.35
Maldives,"  405,913 ",2019,"  10,034 ",24.72
Maldives,"  415,173 ",2020,"  11,182 ",26.93
Malta,"  280,404 ",2006,"  40,533 ",144.55
Malta,"  282,419 ",2007,"  43,196 ",152.95
Malta,"  284,800 ",2008,"  45,936 ",161.29
Malta,"  286,804 ",2009,"  48,518 ",169.17
Malta,"  287,325 ",2010,"  51,523 ",179.32
Malta,"  287,186 ",2011,"  54,848 ",190.98
Malta,"  288,023 ",2012,"  58,784 ",204.09
Malta,"  289,937 ",2013,"  63,261 ",218.19
Malta,"  293,398 ",2014,"  68,275 ",232.70
Malta,"  298,101 ",2015,"  73,647 ",247.05
Malta,"  302,415 ",2016,"  78,772 ",260.48
Malta,"  308,331 ",2017,"  84,048 ",272.59
Malta,"  316,821 ",2018,"  89,575 ",282.73
Malta,"  326,905 ",2019,"  93,747 ",286.77
Malta,"  337,770 ",2020,"  97,143 ",287.60
Mauritania,"  2,351,039 ",2016,"  1,217 ",0.52
Mauritania,"  2,424,230 ",2017,"  2,339 ",0.96
Mauritania,"  2,500,011 ",2018,"  3,298 ",1.32
Mauritius,"  850,041 ",2006,"  40,491 ",47.63
Mauritius,"  858,837 ",2007,"  47,916 ",55.79
Mauritius,"  867,995 ",2008,"  56,271 ",64.83
Mauritius,"  875,401 ",2009,"  62,729 ",71.66
Mauritius,"  880,629 ",2010,"  67,921 ",77.13
Mauritius,"  885,203 ",2011,"  69,442 ",78.45
Mauritius,"  888,850 ",2012,"  76,853 ",86.46
Mauritius,"  890,511 ",2013,"  40,691 ",45.69
Mauritius,"  891,403 ",2014,"  45,199 ",50.71
Mauritius,"  891,976 ",2015,"  50,678 ",56.82
Mauritius,"  892,710 ",2016,"  58,313 ",65.32
Mauritius,"  893,967 ",2017,"  66,951 ",74.89
Mauritius,"  894,976 ",2018,"  75,222 ",84.05
Mauritius,"  895,384 ",2019,"  70,301 ",78.51
Mauritius,"  894,816 ",2020,"  78,320 ",87.53
Mexico,"  67,617,392 ",2006,"  266,439 ",3.94
Mexico,"  69,038,033 ",2007,"  292,776 ",4.24
Mexico,"  70,515,912 ",2008,"  320,002 ",4.54
Mexico,"  71,989,500 ",2009,"  358,583 ",4.98
Mexico,"  73,417,829 ",2010,"  403,904 ",5.50
Mexico,"  74,830,472 ",2011,"  448,690 ",6.00
Mexico,"  76,177,534 ",2012,"  479,718 ",6.30
Mexico,"  77,469,712 ",2013,"  522,280 ",6.74
Mexico,"  78,734,900 ",2014,"  565,897 ",7.19
Mexico,"  79,986,921 ",2015,"  612,071 ",7.65
Mexico,"  81,180,237 ",2016,"  657,327 ",8.10
Mexico,"  82,377,996 ",2017,"  1,121,248 ",13.61
Mexico,"  83,562,863 ",2018,"  1,205,151 ",14.42
Mexico,"  84,707,882 ",2019,"  1,289,471 ",15.22
Mexico,"  85,800,403 ",2020,"  1,357,585 ",15.82
Mongolia,"  1,742,807 ",2006,"  19,782 ",11.35
Mongolia,"  1,780,279 ",2007,"  31,516 ",17.70
Mongolia,"  1,814,728 ",2008,"  41,142 ",22.67
Mongolia,"  1,848,130 ",2009,"  48,231 ",26.10
Mongolia,"  1,881,449 ",2010,"  56,958 ",30.27
Mongolia,"  1,909,673 ",2011,"  68,082 ",35.65
Mongolia,"  1,938,532 ",2012,"  79,168 ",40.84
Mongolia,"  1,966,716 ",2013,"  91,531 ",46.54
Mongolia,"  1,993,018 ",2014,"  103,613 ",51.99
Mongolia,"  2,017,159 ",2015,"  111,228 ",55.14
Mongolia,"  2,036,934 ",2016,"  118,520 ",58.19
Mongolia,"  2,056,856 ",2017,"  130,421 ",63.41
Mongolia,"  2,076,709 ",2018,"  141,453 ",68.11
Mongolia,"  2,096,757 ",2019,"  153,387 ",73.15
Mongolia,"  2,117,604 ",2020,"  165,330 ",78.07
Montenegro,"  411,232 ",2006,"  14,597 ",35.50
Montenegro,"  412,999 ",2007,"  18,449 ",44.67
Montenegro,"  415,282 ",2008,"  21,263 ",51.20
Montenegro,"  417,760 ",2009,"  22,619 ",54.14
Montenegro,"  419,905 ",2010,"  24,063 ",57.31
Montenegro,"  420,637 ",2011,"  25,518 ",60.67
Montenegro,"  421,284 ",2012,"  27,171 ",64.50
Montenegro,"  421,830 ",2013,"  28,926 ",68.57
Montenegro,"  421,953 ",2014,"  30,897 ",73.22
Montenegro,"  421,318 ",2015,"  32,198 ",76.42
Montenegro,"  420,209 ",2016,"  33,494 ",79.71
Montenegro,"  418,247 ",2017,"  35,511 ",84.90
Montenegro,"  415,744 ",2018,"  38,963 ",93.72
Montenegro,"  413,404 ",2019,"  41,447 ",100.26
Montenegro,"  411,488 ",2020,"  43,612 ",105.99
Morocco,"  19,673,838 ",2006,"  128,400 ",6.53
Morocco,"  20,034,751 ",2007,"  152,272 ",7.60
Morocco,"  20,409,134 ",2008,"  177,384 ",8.69
Morocco,"  20,778,933 ",2009,"  202,939 ",9.77
Morocco,"  21,134,003 ",2010,"  228,895 ",10.83
Morocco,"  21,506,040 ",2011,"  256,463 ",11.93
Morocco,"  21,860,228 ",2012,"  286,177 ",13.09
Morocco,"  22,196,314 ",2013,"  315,558 ",14.22
Morocco,"  22,521,348 ",2014,"  345,889 ",15.36
Morocco,"  22,838,672 ",2015,"  376,538 ",16.49
Morocco,"  23,119,709 ",2016,"  408,998 ",17.69
Morocco,"  23,410,351 ",2017,"  442,135 ",18.89
Morocco,"  23,700,192 ",2018,"  480,556 ",20.28
Morocco,"  23,972,902 ",2019,"  523,244 ",21.83
Morocco,"  24,222,688 ",2020,"  572,930 ",23.65
Myanmar,"  31,710,390 ",2006,"  5,008 ",0.16
Myanmar,"  31,997,695 ",2007,"  5,546 ",0.17
Myanmar,"  32,294,220 ",2008,"  6,250 ",0.19
Myanmar,"  32,613,841 ",2009,"  7,007 ",0.21
Myanmar,"  32,965,688 ",2010,"  8,193 ",0.25
Myanmar,"  33,408,573 ",2011,"  10,137 ",0.30
Myanmar,"  33,876,291 ",2012,"  13,215 ",0.39
Myanmar,"  34,359,029 ",2013,"  17,291 ",0.50
Myanmar,"  34,840,105 ",2014,"  21,812 ",0.63
Myanmar,"  35,303,511 ",2015,"  26,577 ",0.75
Myanmar,"  35,708,535 ",2016,"  33,240 ",0.93
Myanmar,"  36,082,447 ",2017,"  40,798 ",1.13
Myanmar,"  36,438,038 ",2018,"  54,849 ",1.51
Nepal,"  14,844,766 ",2006,"  52,577 ",3.54
Nepal,"  15,142,058 ",2007,"  59,709 ",3.94
Nepal,"  15,412,293 ",2008,"  68,219 ",4.43
Nepal,"  15,650,887 ",2009,"  78,112 ",4.99
Nepal,"  15,856,476 ",2010,"  87,862 ",5.54
Nepal,"  15,965,957 ",2011,"  97,862 ",6.13
Nepal,"  16,059,411 ",2012,"  108,318 ",6.74
Nepal,"  16,162,565 ",2013,"  117,677 ",7.28
Nepal,"  16,304,563 ",2014,"  129,468 ",7.94
Nepal,"  16,507,814 ",2015,"  140,604 ",8.52
Nepal,"  16,924,304 ",2016,"  159,136 ",9.40
Nepal,"  17,408,259 ",2017,"  178,404 ",10.25
Nepal,"  17,941,378 ",2018,"  202,492 ",11.29
Netherlands Antilles,"  149,358 ",2006,"  22,342 ",149.59
Netherlands Antilles,"  150,708 ",2007,"  22,113 ",146.73
Netherlands Antilles,"  152,161 ",2008,"  22,261 ",146.30
Netherlands Antilles,"  153,617 ",2009,"  21,751 ",141.59
Netherlands Antilles,"  154,723 ",2010,"  21,139 ",136.62
Netherlands Antilles,"  155,837 ",2011,"  21,049 ",135.07
Netherlands Antilles,"  156,959 ",2012,"  20,783 ",132.41
Netherlands Antilles,"  158,089 ",2013,"  20,506 ",129.71
Netherlands Antilles,"  159,227 ",2014,"  20,126 ",126.40
Netherlands Antilles,"  160,373 ",2015,"  19,648 ",122.51
Netherlands Antilles,"  161,528 ",2016,"  19,276 ",119.34
New Zealand,"  2,781,336 ",2006,"  453,855 ",163.18
New Zealand,"  2,809,736 ",2007,"  495,911 ",176.50
New Zealand,"  2,834,758 ",2008,"  519,620 ",183.30
New Zealand,"  2,862,340 ",2009,"  534,769 ",186.83
New Zealand,"  2,891,030 ",2010,"  558,594 ",193.22
New Zealand,"  2,902,789 ",2011,"  553,338 ",190.62
New Zealand,"  2,909,454 ",2012,"  556,060 ",191.12
New Zealand,"  2,922,995 ",2013,"  547,200 ",187.21
New Zealand,"  2,962,680 ",2014,"  557,322 ",188.11
New Zealand,"  3,013,718 ",2015,"  570,057 ",189.15
New Zealand,"  3,073,135 ",2016,"  577,789 ",188.01
New Zealand,"  3,126,644 ",2017,"  593,181 ",189.72
New Zealand,"  3,170,401 ",2018,"  616,277 ",194.38
New Zealand,"  3,208,633 ",2019,"  640,228 ",199.53
New Zealand,"  3,264,172 ",2020,"  668,268 ",204.73
Nigeria,"  76,180,639 ",2006,"  580,021 ",7.61
Nigeria,"  78,070,732 ",2007,"  626,261 ",8.02
Nigeria,"  80,071,755 ",2008,"  690,201 ",8.62
Nigeria,"  82,171,811 ",2009,"  755,254 ",9.19
Nigeria,"  84,365,597 ",2010,"  820,328 ",9.72
Nigeria,"  86,485,958 ",2011,"  892,724 ",10.32
Nigeria,"  88,719,102 ",2012,"  973,868 ",10.98
Nigeria,"  91,078,088 ",2013,"  1,048,529 ",11.51
Nigeria,"  93,584,269 ",2014,"  1,120,200 ",11.97
Nigeria,"  96,245,480 ",2015,"  1,190,641 ",12.37
Nigeria,"  98,834,061 ",2016,"  1,266,021 ",12.81
Nigeria,"  101,616,615 ",2017,"  1,344,561 ",13.23
Nigeria,"  104,569,626 ",2018,"  1,430,870 ",13.68
Nigeria,"  107,654,969 ",2019,"  1,521,618 ",14.13
Nigeria,"  110,850,172 ",2020,"  1,619,606 ",14.61
North Macedonia,"  1,425,328 ",2006,"  73,100 ",51.29
North Macedonia,"  1,434,681 ",2007,"  77,917 ",54.31
North Macedonia,"  1,444,427 ",2008,"  83,148 ",57.56
North Macedonia,"  1,453,076 ",2009,"  85,997 ",59.18
North Macedonia,"  1,459,821 ",2010,"  88,117 ",60.36
North Macedonia,"  1,465,686 ",2011,"  89,236 ",60.88
North Macedonia,"  1,469,138 ",2012,"  90,779 ",61.79
North Macedonia,"  1,470,391 ",2013,"  91,001 ",61.89
North Macedonia,"  1,470,161 ",2014,"  92,256 ",62.75
North Macedonia,"  1,468,848 ",2015,"  94,486 ",64.33
North Macedonia,"  1,464,073 ",2016,"  72,976 ",49.84
North Macedonia,"  1,459,249 ",2017,"  69,376 ",47.54
North Macedonia,"  1,454,171 ",2018,"  69,238 ",47.61
North Macedonia,"  1,448,440 ",2019,"  69,276 ",47.83
North Macedonia,"  1,441,960 ",2020,"  69,987 ",48.54
Norway,"  3,066,079 ",2006,"  192,168 ",62.68
Norway,"  3,106,621 ",2007,"  203,740 ",65.58
Norway,"  3,152,918 ",2008,"  211,439 ",67.06
Norway,"  3,198,518 ",2009,"  213,224 ",66.66
Norway,"  3,241,628 ",2010,"  215,076 ",66.35
Norway,"  3,279,501 ",2011,"  219,977 ",67.08
Norway,"  3,317,550 ",2012,"  235,174 ",70.89
Norway,"  3,351,653 ",2013,"  250,367 ",74.70
Norway,"  3,383,016 ",2014,"  264,457 ",78.17
Norway,"  3,410,713 ",2015,"  277,748 ",81.43
Norway,"  3,434,052 ",2016,"  291,082 ",84.76
Norway,"  3,456,146 ",2017,"  310,379 ",89.80
Norway,"  3,474,085 ",2018,"  320,379 ",92.22
Norway,"  3,492,944 ",2019,"  333,883 ",95.59
Norway,"  3,508,296 ",2020,"  349,229 ",99.54
Oman,"  1,724,249 ",2006,"  17,300 ",10.03
Oman,"  1,818,599 ",2007,"  21,115 ",11.61
Oman,"  1,919,107 ",2008,"  25,460 ",13.27
Oman,"  2,036,435 ",2009,"  29,106 ",14.29
Oman,"  2,178,348 ",2010,"  32,917 ",15.11
Oman,"  2,373,092 ",2011,"  38,033 ",16.03
Oman,"  2,593,623 ",2012,"  43,124 ",16.63
Oman,"  2,823,602 ",2013,"  47,605 ",16.86
Oman,"  3,042,674 ",2014,"  51,143 ",16.81
Oman,"  3,238,348 ",2015,"  57,859 ",17.87
Oman,"  3,395,398 ",2016,"  65,525 ",19.30
Oman,"  3,528,129 ",2017,"  71,332 ",20.22
Oman,"  3,639,527 ",2018,"  76,757 ",21.09
Oman,"  3,737,862 ",2019,"  83,260 ",22.27
Oman,"  3,830,074 ",2020,"  89,064 ",23.25
Pakistan,"  92,399,584 ",2006,"  30,681 ",0.33
Pakistan,"  95,241,842 ",2007,"  34,037 ",0.36
Pakistan,"  98,165,302 ",2008,"  37,495 ",0.38
Pakistan,"  101,152,817 ",2009,"  39,909 ",0.39
Pakistan,"  104,187,043 ",2010,"  42,777 ",0.41
Pakistan,"  107,101,806 ",2011,"  46,144 ",0.43
Pakistan,"  110,060,746 ",2012,"  50,072 ",0.45
Pakistan,"  113,060,252 ",2013,"  54,009 ",0.48
Pakistan,"  116,096,389 ",2014,"  58,689 ",0.51
Pakistan,"  119,164,298 ",2015,"  64,074 ",0.54
Pakistan,"  122,150,863 ",2016,"  70,790 ",0.58
Pakistan,"  125,175,221 ",2017,"  80,414 ",0.64
Pakistan,"  128,222,837 ",2018,"  93,405 ",0.73
Pakistan,"  131,288,856 ",2019,"  109,363 ",0.83
Pakistan,"  134,372,752 ",2020,"  129,154 ",0.96
Panama,"  2,610,788 ",2016,"  731,781 ",280.29
Panama,"  2,659,155 ",2017,"  738,595 ",277.76
Panama,"  2,707,987 ",2018,"  745,616 ",275.34
Panama,"  2,756,239 ",2019,"  754,515 ",273.75
Panama,"  2,803,151 ",2020,"  761,107 ",271.52
Peru,"  17,637,164 ",2006,"  540,693 ",30.66
Peru,"  17,855,679 ",2007,"  588,254 ",32.94
Peru,"  18,066,513 ",2008,"  643,928 ",35.64
Peru,"  18,275,481 ",2009,"  699,807 ",38.29
Peru,"  18,487,502 ",2010,"  760,054 ",41.11
Peru,"  18,701,547 ",2011,"  831,349 ",44.45
Peru,"  18,933,056 ",2012,"  906,559 ",47.88
Peru,"  19,176,446 ",2013,"  981,301 ",51.17
Peru,"  19,425,194 ",2014,"  1,055,789 ",54.35
Peru,"  19,681,872 ",2015,"  1,135,320 ",57.68
Peru,"  20,207,763 ",2016,"  1,211,155 ",59.94
Peru,"  20,698,745 ",2017,"  1,290,668 ",62.35
Peru,"  21,151,623 ",2018,"  1,370,466 ",64.79
Peru,"  21,571,350 ",2019,"  1,459,248 ",67.65
Peru,"  21,953,512 ",2020,"  1,542,599 ",70.27
Philippines,"  64,449,670 ",2015,"  330,515 ",5.13
Philippines,"  65,635,165 ",2016,"  356,485 ",5.43
Philippines,"  66,884,608 ",2017,"  378,573 ",5.66
Philippines,"  68,165,589 ",2018,"  373,214 ",5.48
Philippines,"  69,420,734 ",2019,"  395,384 ",5.70
Philippines,"  70,620,268 ",2020,"  403,687 ",5.72
Poland,"  26,938,980 ",2006,"  122,789 ",4.56
Poland,"  27,036,802 ",2007,"  134,349 ",4.97
Poland,"  27,130,959 ",2008,"  144,474 ",5.33
Poland,"  27,201,173 ",2009,"  156,520 ",5.75
Poland,"  27,128,349 ",2010,"  171,979 ",6.34
Poland,"  27,048,558 ",2011,"  188,514 ",6.97
Poland,"  26,941,406 ",2012,"  210,344 ",7.81
Poland,"  26,793,429 ",2013,"  237,244 ",8.85
Poland,"  26,602,465 ",2014,"  264,013 ",9.92
Poland,"  26,371,771 ",2015,"  300,467 ",11.39
Poland,"  26,152,707 ",2016,"  337,886 ",12.92
Poland,"  25,894,815 ",2017,"  367,471 ",14.19
Poland,"  25,606,338 ",2018,"  392,668 ",15.33
Poland,"  25,322,105 ",2019,"  418,499 ",16.53
Poland,"  25,063,789 ",2020,"  446,750 ",17.82
Portugal,"  7,058,312 ",2006,"  592,125 ",83.89
Portugal,"  7,049,027 ",2007,"  610,889 ",86.66
Portugal,"  7,041,354 ",2008,"  601,694 ",85.45
Portugal,"  7,031,896 ",2009,"  584,774 ",83.16
Portugal,"  7,017,376 ",2010,"  593,223 ",84.54
Portugal,"  6,984,656 ",2011,"  592,367 ",84.81
Portugal,"  6,932,379 ",2012,"  593,323 ",85.59
Portugal,"  6,868,294 ",2013,"  606,851 ",88.36
Portugal,"  6,804,022 ",2014,"  604,612 ",88.86
Portugal,"  6,748,422 ",2015,"  617,207 ",91.46
Portugal,"  6,707,573 ",2016,"  614,315 ",91.59
Portugal,"  6,672,042 ",2017,"  637,203 ",95.50
Portugal,"  6,642,139 ",2018,"  653,254 ",98.35
Portugal,"  6,623,451 ",2019,"  683,469 ",103.19
Portugal,"  6,613,469 ",2020,"  703,369 ",106.35
Puerto Rico,"  2,270,470 ",2015,"  16,625 ",7.32
Puerto Rico,"  2,218,360 ",2016,"  20,497 ",9.24
Puerto Rico,"  2,155,672 ",2017,"  25,694 ",11.92
Puerto Rico,"  2,059,364 ",2018,"  30,569 ",14.84
Puerto Rico,"  2,045,310 ",2019,"  37,951 ",18.56
Puerto Rico,"  2,025,668 ",2020,"  48,057 ",23.72
Romania,"  14,647,869 ",2006,"  765,202 ",52.24
Romania,"  14,422,200 ",2007,"  742,209 ",51.46
Romania,"  14,152,524 ",2008,"  912,216 ",64.46
Romania,"  13,998,668 ",2009,"  919,703 ",65.70
Romania,"  13,880,704 ",2010,"  925,282 ",66.66
Romania,"  13,770,831 ",2011,"  940,404 ",68.29
Romania,"  13,677,968 ",2012,"  947,512 ",69.27
Romania,"  13,597,261 ",2013,"  949,743 ",69.85
Romania,"  13,503,208 ",2014,"  957,409 ",70.90
Romania,"  13,377,211 ",2015,"  971,727 ",72.64
Romania,"  13,230,919 ",2016,"  983,064 ",74.30
Romania,"  13,059,559 ",2017,"  1,031,280 ",78.97
Romania,"  12,877,502 ",2018,"  1,083,244 ",84.12
Romania,"  12,714,770 ",2019,"  1,137,968 ",89.50
Romania,"  12,583,904 ",2020,"  1,187,681 ",94.38
Russian Federation,"  101,933,930 ",2006,"  2,244,695 ",22.02
Russian Federation,"  102,218,499 ",2007,"  2,615,804 ",25.59
Russian Federation,"  102,575,819 ",2008,"  3,007,145 ",29.32
Russian Federation,"  102,808,860 ",2009,"  3,242,594 ",31.54
Russian Federation,"  102,803,549 ",2010,"  3,477,933 ",33.83
Russian Federation,"  102,546,469 ",2011,"  3,562,329 ",34.74
Russian Federation,"  102,128,015 ",2012,"  3,600,128 ",35.25
Russian Federation,"  101,568,410 ",2013,"  3,693,451 ",36.36
Russian Federation,"  100,929,443 ",2014,"  3,778,274 ",37.43
Russian Federation,"  100,247,192 ",2015,"  3,962,627 ",39.53
Russian Federation,"  99,343,827 ",2016,"  3,742,114 ",37.67
Russian Federation,"  98,406,200 ",2017,"  3,587,250 ",36.45
Russian Federation,"  97,394,275 ",2018,"  3,338,503 ",34.28
Russian Federation,"  96,392,551 ",2019,"  3,018,916 ",31.32
Russian Federation,"  95,294,313 ",2020,"  2,727,921 ",28.63
Rwanda,"  4,991,311 ",2006,  848 ,0.17
Rwanda,"  5,138,938 ",2007,"  1,162 ",0.23
Rwanda,"  5,291,410 ",2008,"  1,492 ",0.28
Rwanda,"  5,448,744 ",2009,"  2,902 ",0.53
Rwanda,"  5,610,944 ",2010,"  6,543 ",1.17
Rwanda,"  5,763,753 ",2011,"  12,582 ",2.18
Rwanda,"  5,926,085 ",2012,"  21,092 ",3.56
Rwanda,"  6,096,535 ",2013,"  30,383 ",4.98
Rwanda,"  6,271,286 ",2014,"  40,381 ",6.44
Rwanda,"  6,448,492 ",2015,"  50,265 ",7.79
Rwanda,"  6,640,772 ",2016,"  60,218 ",9.07
Rwanda,"  6,830,837 ",2017,"  70,075 ",10.26
Rwanda,"  7,022,730 ",2018,"  80,476 ",11.46
Rwanda,"  7,223,330 ",2019,"  92,793 ",12.85
Rwanda,"  7,435,405 ",2020,"  108,783 ",14.63
Saudi Arabia,"  15,692,265 ",2006,"  36,817 ",2.35
Saudi Arabia,"  16,359,463 ",2007,"  39,933 ",2.44
Saudi Arabia,"  17,042,003 ",2008,"  43,771 ",2.57
Saudi Arabia,"  17,741,430 ",2009,"  47,865 ",2.70
Saudi Arabia,"  18,462,082 ",2010,"  52,454 ",2.84
Saudi Arabia,"  19,316,606 ",2011,"  57,702 ",2.99
Saudi Arabia,"  20,180,982 ",2012,"  64,417 ",3.19
Saudi Arabia,"  21,031,110 ",2013,"  71,657 ",3.41
Saudi Arabia,"  21,835,325 ",2014,"  79,753 ",3.65
Saudi Arabia,"  22,569,169 ",2015,"  88,884 ",3.94
Saudi Arabia,"  23,154,558 ",2016,"  97,309 ",4.20
Saudi Arabia,"  23,678,403 ",2017,"  105,829 ",4.47
Saudi Arabia,"  24,145,688 ",2018,"  112,532 ",4.66
Saudi Arabia,"  24,577,777 ",2019,"  151,336 ",6.16
Saudi Arabia,"  24,998,205 ",2020,"  150,949 ",6.04
Senegal,"  6,045,777 ",2006,"  8,213 ",1.36
Senegal,"  6,214,646 ",2007,"  11,265 ",1.81
Senegal,"  6,389,395 ",2008,"  12,967 ",2.03
Senegal,"  6,571,680 ",2009,"  15,209 ",2.31
Senegal,"  6,762,208 ",2010,"  16,994 ",2.51
Senegal,"  6,949,178 ",2011,"  18,809 ",2.71
Senegal,"  7,147,093 ",2012,"  20,754 ",2.90
Senegal,"  7,354,600 ",2013,"  22,871 ",3.11
Senegal,"  7,570,335 ",2014,"  25,238 ",3.33
Senegal,"  7,794,338 ",2015,"  28,496 ",3.66
Senegal,"  8,030,114 ",2016,"  31,915 ",3.97
Senegal,"  8,278,519 ",2017,"  35,627 ",4.30
Senegal,"  8,538,782 ",2018,"  39,630 ",4.64
Senegal,"  8,810,083 ",2019,"  43,905 ",4.98
Senegal,"  9,092,003 ",2020,"  48,189 ",5.30
Serbia,"  4,974,349 ",2007,"  88,086 ",17.71
Serbia,"  4,973,412 ",2008,"  97,101 ",19.52
Serbia,"  4,967,558 ",2009,"  104,455 ",21.03
Serbia,"  4,952,679 ",2010,"  106,912 ",21.59
Serbia,"  4,910,997 ",2011,"  104,123 ",21.20
Serbia,"  4,877,059 ",2012,"  106,157 ",21.77
Serbia,"  4,836,941 ",2013,"  112,811 ",23.32
Serbia,"  4,793,306 ",2014,"  118,643 ",24.75
Serbia,"  4,745,329 ",2015,"  124,580 ",26.25
Serbia,"  4,700,815 ",2016,"  130,764 ",27.82
Serbia,"  4,653,380 ",2017,"  136,890 ",29.42
Serbia,"  4,606,042 ",2018,"  141,847 ",30.80
Serbia,"  4,564,308 ",2019,"  125,041 ",27.40
Serbia,"  4,530,026 ",2020,"  126,328 ",27.89
Sierra Leone,"  4,168,178 ",2017,"  2,207 ",0.53
Sierra Leone,"  4,282,079 ",2018,"  4,187 ",0.98
Singapore,"  3,347,294 ",2006,"  171,129 ",51.12
Singapore,"  3,516,747 ",2007,"  186,021 ",52.90
Singapore,"  3,744,457 ",2008,"  199,594 ",53.30
Singapore,"  3,896,763 ",2009,"  201,831 ",51.79
Singapore,"  3,997,725 ",2010,"  214,478 ",53.65
Singapore,"  4,074,425 ",2011,"  225,142 ",55.26
Singapore,"  4,167,133 ",2012,"  237,849 ",57.08
Singapore,"  4,231,259 ",2013,"  254,627 ",60.18
Singapore,"  4,286,418 ",2014,"  273,804 ",63.88
Singapore,"  4,335,049 ",2015,"  286,553 ",66.10
Singapore,"  4,370,443 ",2016,"  298,501 ",68.30
Singapore,"  4,333,088 ",2017,"  313,448 ",72.34
Singapore,"  4,299,961 ",2018,"  332,650 ",77.36
Singapore,"  4,293,383 ",2019,"  353,146 ",82.25
Singapore,"  4,227,243 ",2020,"  371,794 ",87.95
Slovak Republic,"  3,857,447 ",2006,"  111,004 ",28.78
Slovak Republic,"  3,869,817 ",2007,"  124,631 ",32.21
Slovak Republic,"  3,881,205 ",2008,"  139,225 ",35.87
Slovak Republic,"  3,890,304 ",2009,"  151,484 ",38.94
Slovak Republic,"  3,893,288 ",2010,"  165,981 ",42.63
Slovak Republic,"  3,887,870 ",2011,"  181,127 ",46.59
Slovak Republic,"  3,882,636 ",2012,"  196,696 ",50.66
Slovak Republic,"  3,871,841 ",2013,"  218,994 ",56.56
Slovak Republic,"  3,855,758 ",2014,"  225,137 ",58.39
Slovak Republic,"  3,834,363 ",2015,"  229,188 ",59.77
Slovak Republic,"  3,811,923 ",2016,"  238,945 ",62.68
Slovak Republic,"  3,784,686 ",2017,"  250,251 ",66.12
Slovak Republic,"  3,754,166 ",2018,"  265,148 ",70.63
Slovak Republic,"  3,725,177 ",2019,"  281,910 ",75.68
Slovak Republic,"  3,698,210 ",2020,"  297,077 ",80.33
Slovenia,"  1,413,518 ",2006,"  43,288 ",30.62
Slovenia,"  1,417,132 ",2007,"  47,246 ",33.34
Slovenia,"  1,413,361 ",2008,"  51,398 ",36.37
Slovenia,"  1,419,821 ",2009,"  55,228 ",38.90
Slovenia,"  1,420,088 ",2010,"  57,159 ",40.25
Slovenia,"  1,414,614 ",2011,"  59,408 ",42.00
Slovenia,"  1,410,613 ",2012,"  62,553 ",44.34
Slovenia,"  1,405,720 ",2013,"  65,397 ",46.52
Slovenia,"  1,398,718 ",2014,"  68,104 ",48.69
Slovenia,"  1,389,102 ",2015,"  69,543 ",50.06
Slovenia,"  1,378,214 ",2016,"  69,891 ",50.71
Slovenia,"  1,365,356 ",2017,"  70,598 ",51.71
Slovenia,"  1,355,732 ",2018,"  71,017 ",52.38
Slovenia,"  1,351,354 ",2019,"  71,380 ",52.82
Slovenia,"  1,346,723 ",2020,"  71,996 ",53.46
Spain,"  30,593,189 ",2006,"  1,786,330 ",58.39
Spain,"  31,079,725 ",2007,"  1,908,817 ",61.42
Spain,"  31,486,311 ",2008,"  1,962,878 ",62.34
Spain,"  31,675,586 ",2009,"  2,042,203 ",64.47
Spain,"  31,743,266 ",2010,"  2,099,197 ",66.13
Spain,"  31,656,950 ",2011,"  2,161,987 ",68.29
Spain,"  31,516,639 ",2012,"  2,223,304 ",70.54
Spain,"  31,273,135 ",2013,"  2,291,859 ",73.29
Spain,"  31,037,663 ",2014,"  2,363,367 ",76.15
Spain,"  30,861,123 ",2015,"  2,434,730 ",78.89
Spain,"  30,830,121 ",2016,"  2,511,930 ",81.48
Spain,"  30,821,805 ",2017,"  2,581,405 ",83.75
Spain,"  30,865,221 ",2018,"  2,650,049 ",85.86
Spain,"  31,002,217 ",2019,"  2,716,258 ",87.61
Spain,"  31,073,481 ",2020,"  2,770,586 ",89.16
Sri Lanka,"  13,466,576 ",2008,"  7,194 ",0.53
Sri Lanka,"  13,546,119 ",2009,"  11,256 ",0.83
Sri Lanka,"  13,613,884 ",2010,"  17,366 ",1.28
Sri Lanka,"  13,659,777 ",2011,"  15,025 ",1.10
Sri Lanka,"  13,618,903 ",2012,"  32,003 ",2.35
Sri Lanka,"  13,661,314 ",2013,"  37,791 ",2.77
Sri Lanka,"  13,729,471 ",2014,"  44,465 ",3.24
Sri Lanka,"  13,805,689 ",2015,"  52,048 ",3.77
Sri Lanka,"  13,916,964 ",2016,"  60,108 ",4.32
Sri Lanka,"  14,039,241 ",2017,"  69,582 ",4.96
Sri Lanka,"  14,156,963 ",2018,"  80,092 ",5.66
Suriname,"  318,616 ",2006,"  3,453 ",10.84
Suriname,"  324,055 ",2007,"  3,561 ",10.99
Suriname,"  329,706 ",2008,"  3,730 ",11.31
Suriname,"  335,361 ",2009,"  3,883 ",11.58
Suriname,"  340,878 ",2010,"  4,095 ",12.01
Suriname,"  346,192 ",2011,"  4,495 ",12.98
Suriname,"  351,307 ",2012,"  6,232 ",17.74
Suriname,"  356,276 ",2013,"  6,824 ",19.15
Suriname,"  361,209 ",2014,"  7,319 ",20.26
Suriname,"  366,153 ",2015,"  7,731 ",21.11
Suriname,"  370,627 ",2016,"  8,254 ",22.27
Suriname,"  375,172 ",2017,"  9,114 ",24.29
Suriname,"  379,710 ",2018,"  7,824 ",20.61
Suriname,"  384,124 ",2019,"  8,770 ",22.83
Suriname,"  388,349 ",2020,"  9,661 ",24.88
Sweden,"  5,925,947 ",2006,"  309,758 ",52.27
Sweden,"  5,976,743 ",2007,"  324,782 ",54.34
Sweden,"  6,032,481 ",2008,"  339,088 ",56.21
Sweden,"  6,084,170 ",2009,"  349,897 ",57.51
Sweden,"  6,121,432 ",2010,"  371,105 ",60.62
Sweden,"  6,140,587 ",2011,"  400,972 ",65.30
Sweden,"  6,145,741 ",2012,"  425,950 ",69.31
Sweden,"  6,147,937 ",2013,"  449,542 ",73.12
Sweden,"  6,159,447 ",2014,"  475,077 ",77.13
Sweden,"  6,183,010 ",2015,"  502,876 ",81.33
Sweden,"  6,228,866 ",2016,"  534,408 ",85.80
Sweden,"  6,287,411 ",2017,"  563,949 ",89.69
Sweden,"  6,341,467 ",2018,"  589,233 ",92.92
Sweden,"  6,390,995 ",2019,"  614,968 ",96.22
Sweden,"  6,424,064 ",2020,"  649,872 ",101.16
Switzerland,"  5,091,240 ",2006,"  279,516 ",54.90
Switzerland,"  5,142,566 ",2007,"  292,529 ",56.88
Switzerland,"  5,210,999 ",2008,"  304,578 ",58.45
Switzerland,"  5,275,346 ",2009,"  315,808 ",59.86
Switzerland,"  5,324,873 ",2010,"  324,764 ",60.99
Switzerland,"  5,375,881 ",2011,"  337,373 ",62.76
Switzerland,"  5,421,980 ",2012,"  349,015 ",64.37
Switzerland,"  5,469,973 ",2013,"  361,386 ",66.07
Switzerland,"  5,520,268 ",2014,"  374,867 ",67.91
Switzerland,"  5,566,544 ",2015,"  387,493 ",69.61
Switzerland,"  5,604,990 ",2016,"  399,375 ",71.25
Switzerland,"  5,637,093 ",2017,"  412,305 ",73.14
Switzerland,"  5,659,119 ",2018,"  424,443 ",75.00
Switzerland,"  5,678,664 ",2019,"  436,945 ",76.95
Tajikistan,"  4,077,728 ",2006,"  6,101 ",1.50
Tajikistan,"  4,205,652 ",2007,"  6,986 ",1.66
Tajikistan,"  4,333,572 ",2008,"  8,066 ",1.86
Tajikistan,"  4,462,896 ",2009,"  9,921 ",2.22
Tajikistan,"  4,593,410 ",2010,"  12,099 ",2.63
Tajikistan,"  4,709,898 ",2011,"  13,341 ",2.83
Tajikistan,"  4,830,247 ",2012,"  14,613 ",3.03
Tajikistan,"  4,950,131 ",2013,"  20,168 ",4.07
Tajikistan,"  5,065,390 ",2014,"  21,682 ",4.28
Tajikistan,"  5,175,181 ",2015,"  22,900 ",4.42
Tajikistan,"  5,277,119 ",2016,"  23,884 ",4.53
Tajikistan,"  5,378,324 ",2017,"  24,677 ",4.59
Tajikistan,"  5,478,148 ",2018,"  25,508 ",4.66
Tanzania,"  20,812,604 ",2006,"  67,404 ",3.24
Tanzania,"  21,401,861 ",2007,"  71,638 ",3.35
Tanzania,"  22,026,441 ",2008,"  76,995 ",3.50
Tanzania,"  22,675,303 ",2009,"  82,273 ",3.63
Tanzania,"  23,345,453 ",2010,"  89,331 ",3.83
Tanzania,"  24,031,752 ",2011,"  87,195 ",3.63
Tanzania,"  24,753,898 ",2012,"  105,579 ",4.27
Tanzania,"  25,514,111 ",2013,"  114,499 ",4.49
Tanzania,"  26,318,920 ",2014,"  123,525 ",4.69
Tanzania,"  27,172,514 ",2015,"  132,673 ",4.88
Tanzania,"  28,078,281 ",2016,"  141,257 ",5.03
Tanzania,"  29,024,583 ",2017,"  148,019 ",5.10
Tanzania,"  30,015,326 ",2018,"  153,553 ",5.12
Thailand,"  49,078,487 ",2015,"  438,278 ",8.93
Thailand,"  49,209,847 ",2016,"  465,641 ",9.46
Thailand,"  49,283,767 ",2017,"  498,074 ",10.11
Thailand,"  49,302,616 ",2018,"  529,443 ",10.74
Togo,"  3,402,044 ",2009,  660 ,0.19
Togo,"  3,498,698 ",2010,"  1,220 ",0.35
Togo,"  3,594,867 ",2011,"  1,943 ",0.54
Togo,"  3,696,456 ",2012,"  2,666 ",0.72
Togo,"  3,803,351 ",2013,"  3,403 ",0.89
Togo,"  3,915,330 ",2014,"  4,485 ",1.15
Togo,"  4,032,230 ",2015,"  6,189 ",1.53
Togo,"  4,150,527 ",2016,"  7,849 ",1.89
Togo,"  4,273,593 ",2017,"  9,616 ",2.25
Togo,"  4,401,800 ",2018,"  12,203 ",2.77
Togo,"  4,535,359 ",2019,"  15,596 ",3.44
Togo,"  4,674,062 ",2020,"  20,006 ",4.28
Tonga,"  58,811 ",2009,  564 ,9.59
Tonga,"  59,139 ",2010,  701 ,11.85
Tonga,"  59,083 ",2011,  817 ,13.83
Tonga,"  58,734 ",2012,  932 ,15.87
Tonga,"  58,314 ",2013,"  1,046 ",17.94
Tonga,"  58,044 ",2014,"  1,075 ",18.52
Tonga,"  58,047 ",2015,"  1,164 ",20.05
Tonga,"  58,558 ",2016,"  1,213 ",20.71
Trinidad and Tobago,"  926,426 ",2006,"  28,122 ",30.36
Trinidad and Tobago,"  931,908 ",2007,"  31,642 ",33.95
Trinidad and Tobago,"  936,269 ",2008,"  35,112 ",37.50
Trinidad and Tobago,"  939,770 ",2009,"  37,805 ",40.23
Trinidad and Tobago,"  942,740 ",2010,"  41,177 ",43.68
Trinidad and Tobago,"  945,608 ",2011,"  45,002 ",47.59
Trinidad and Tobago,"  948,326 ",2012,"  48,448 ",51.09
Trinidad and Tobago,"  950,761 ",2013,"  52,782 ",55.52
Trinidad and Tobago,"  952,821 ",2014,"  57,464 ",60.31
Trinidad and Tobago,"  954,488 ",2015,"  62,629 ",65.62
Trinidad and Tobago,"  955,607 ",2016,"  66,970 ",70.08
Trinidad and Tobago,"  956,343 ",2017,"  70,847 ",74.08
Trinidad and Tobago,"  956,843 ",2018,"  74,962 ",78.34
Trinidad and Tobago,"  957,236 ",2019,"  79,473 ",83.02
Trinidad and Tobago,"  957,576 ",2020,"  83,817 ",87.53
Tunisia,"  6,905,237 ",2006,"  56,055 ",8.12
Tunisia,"  7,027,305 ",2007,"  62,262 ",8.86
Tunisia,"  7,146,399 ",2008,"  68,954 ",9.65
Tunisia,"  7,257,783 ",2009,"  76,177 ",10.50
Tunisia,"  7,357,532 ",2010,"  86,216 ",11.72
Tunisia,"  7,436,917 ",2011,"  88,561 ",11.91
Tunisia,"  7,503,265 ",2012,"  99,161 ",13.22
Tunisia,"  7,559,740 ",2013,"  109,559 ",14.49
Tunisia,"  7,611,874 ",2014,"  119,076 ",15.64
Tunisia,"  7,663,296 ",2015,"  128,757 ",16.80
Tunisia,"  7,706,137 ",2016,"  137,574 ",17.85
Tunisia,"  7,755,992 ",2017,"  146,735 ",18.92
Tunisia,"  7,808,154 ",2018,"  145,920 ",18.69
Tunisia,"  7,856,564 ",2019,"  158,511 ",20.18
Turkey,"  51,304,360 ",2014,"  794,179 ",15.48
Turkey,"  52,246,676 ",2015,"  858,269 ",16.43
Turkey,"  53,185,895 ",2016,"  910,101 ",17.11
Turkey,"  54,138,362 ",2017,"  852,118 ",15.74
Turkey,"  55,058,658 ",2018,"  925,469 ",16.81
Turkey,"  55,883,565 ",2019,"  996,975 ",17.84
Turkey,"  56,572,012 ",2020,"  1,062,945 ",18.79
Uganda,"  13,838,299 ",2006,"  76,153 ",5.50
Uganda,"  14,314,634 ",2007,"  83,632 ",5.84
Uganda,"  14,816,819 ",2008,"  92,008 ",6.21
Uganda,"  15,345,306 ",2009,"  101,494 ",6.61
Uganda,"  15,901,551 ",2010,"  111,984 ",7.04
Uganda,"  16,468,498 ",2011,"  126,865 ",7.70
Uganda,"  17,068,075 ",2012,"  143,551 ",8.41
Uganda,"  17,709,557 ",2013,"  158,960 ",8.98
Uganda,"  18,405,460 ",2014,"  175,717 ",9.55
Uganda,"  19,162,280 ",2015,"  194,104 ",10.13
Uganda,"  19,993,004 ",2016,"  212,154 ",10.61
Uganda,"  20,896,060 ",2017,"  229,577 ",10.99
Uganda,"  21,846,708 ",2018,"  248,439 ",11.37
Ukraine,"  32,576,986 ",2006,"  234,703 ",7.20
Ukraine,"  32,472,880 ",2007,"  269,193 ",8.29
Ukraine,"  32,383,057 ",2008,"  296,250 ",9.15
Ukraine,"  32,296,072 ",2009,"  315,130 ",9.76
Ukraine,"  32,185,923 ",2010,"  343,153 ",10.66
Ukraine,"  31,986,098 ",2011,"  373,770 ",11.69
Ukraine,"  31,831,484 ",2012,"  401,060 ",12.60
Ukraine,"  31,674,445 ",2013,"  433,370 ",13.68
Ukraine,"  31,410,583 ",2014,"  465,856 ",14.83
Ukraine,"  31,186,380 ",2015,"  503,455 ",16.14
Ukraine,"  30,905,273 ",2016,"  551,357 ",17.84
Ukraine,"  30,581,925 ",2017,"  576,554 ",18.85
Ukraine,"  30,233,050 ",2018,"  632,231 ",20.91
United Arab Emirates,"  4,380,865 ",2006,"  61,972 ",14.15
United Arab Emirates,"  5,185,748 ",2007,"  70,750 ",13.64
United Arab Emirates,"  6,026,774 ",2008,"  79,834 ",13.25
United Arab Emirates,"  6,781,156 ",2009,"  86,797 ",12.80
United Arab Emirates,"  7,366,517 ",2010,"  95,420 ",12.95
United Arab Emirates,"  7,679,368 ",2011,"  105,064 ",13.68
United Arab Emirates,"  7,826,617 ",2012,"  116,444 ",14.88
United Arab Emirates,"  7,855,947 ",2013,"  129,228 ",16.45
United Arab Emirates,"  7,847,461 ",2014,"  144,889 ",18.46
United Arab Emirates,"  7,864,453 ",2015,"  161,514 ",20.54
United Arab Emirates,"  7,921,959 ",2016,"  178,249 ",22.50
United Arab Emirates,"  8,012,980 ",2017,"  194,534 ",24.28
United Arab Emirates,"  8,120,011 ",2018,"  212,441 ",26.16
United Arab Emirates,"  8,220,025 ",2019,"  235,034 ",28.59
United Arab Emirates,"  8,300,173 ",2020,"  254,084 ",30.61
United Kingdom,"  40,196,873 ",2006,"  2,384,235 ",59.31
United Kingdom,"  40,539,197 ",2007,"  2,620,658 ",64.65
United Kingdom,"  40,859,642 ",2008,"  2,774,566 ",67.90
United Kingdom,"  41,134,819 ",2009,"  2,822,606 ",68.62
United Kingdom,"  41,384,859 ",2010,"  2,692,659 ",65.06
United Kingdom,"  41,523,732 ",2011,"  2,751,655 ",66.27
United Kingdom,"  41,622,578 ",2012,"  2,930,049 ",70.40
United Kingdom,"  41,706,559 ",2013,"  3,125,247 ",74.93
United Kingdom,"  41,823,572 ",2014,"  3,334,908 ",79.74
United Kingdom,"  41,980,393 ",2015,"  3,493,654 ",83.22
United Kingdom,"  42,156,712 ",2016,"  3,934,500 ",93.33
United Kingdom,"  42,326,458 ",2017,"  4,091,429 ",96.66
United Kingdom,"  42,485,474 ",2018,"  4,258,699 ",100.24
United Kingdom,"  42,638,638 ",2019,"  4,416,454 ",103.58
United Kingdom,"  42,795,559 ",2020,"  4,776,447 ",111.61
Uruguay,"  2,091,286 ",2006,"  32,801 ",15.68
Uruguay,"  2,102,460 ",2007,"  35,461 ",16.87
Uruguay,"  2,116,049 ",2008,"  38,141 ",18.02
Uruguay,"  2,130,063 ",2009,"  39,982 ",18.77
Uruguay,"  2,143,085 ",2010,"  42,819 ",19.98
Uruguay,"  2,155,409 ",2011,"  46,052 ",21.37
Uruguay,"  2,166,598 ",2012,"  51,620 ",23.83
Uruguay,"  2,177,012 ",2013,"  55,886 ",25.67
Uruguay,"  2,187,514 ",2014,"  60,004 ",27.43
Uruguay,"  2,198,419 ",2015,"  68,178 ",31.01
Uruguay,"  2,207,436 ",2016,"  71,282 ",32.29
Uruguay,"  2,217,418 ",2017,"  74,757 ",33.71
Uruguay,"  2,227,465 ",2018,"  77,742 ",34.90
Uruguay,"  2,236,302 ",2019,"  81,314 ",36.36
Uruguay,"  2,243,239 ",2020,"  86,403 ",38.52
Uzbekistan,"  16,807,380 ",2006,"  47,387 ",2.82
Uzbekistan,"  17,271,933 ",2007,"  52,624 ",3.05
Uzbekistan,"  17,760,358 ",2008,"  57,818 ",3.26
Uzbekistan,"  18,255,198 ",2009,"  66,653 ",3.65
Uzbekistan,"  18,953,212 ",2010,"  76,388 ",4.03
Uzbekistan,"  19,578,460 ",2011,"  87,864 ",4.49
Uzbekistan,"  19,980,914 ",2012,"  94,957 ",4.75
Uzbekistan,"  20,389,210 ",2013,"  104,913 ",5.15
Uzbekistan,"  20,787,251 ",2014,"  115,395 ",5.55
Uzbekistan,"  21,153,834 ",2015,"  124,063 ",5.86
Uzbekistan,"  21,487,722 ",2016,"  132,629 ",6.17
Uzbekistan,"  21,770,618 ",2017,"  148,906 ",6.84
Uzbekistan,"  22,045,919 ",2018,"  177,141 ",8.04
Uzbekistan,"  22,366,854 ",2019,"  230,175 ",10.29
Uzbekistan,"  22,733,880 ",2020,"  287,377 ",12.64
Vanuatu,"  123,437 ",2006,  583 ,4.72
Vanuatu,"  126,931 ",2007,  655 ,5.16
Vanuatu,"  130,067 ",2008,  721 ,5.54
Vanuatu,"  133,231 ",2009,  744 ,5.58
Vanuatu,"  136,723 ",2010,  831 ,6.08
Vanuatu,"  140,049 ",2011,  905 ,6.46
Vanuatu,"  144,096 ",2012,  975 ,6.77
Vanuatu,"  148,207 ",2013,"  1,029 ",6.94
Vanuatu,"  151,869 ",2014,"  1,117 ",7.36
Vanuatu,"  155,094 ",2015,"  1,200 ",7.74
Vanuatu,"  159,758 ",2016,"  1,330 ",8.33
Vanuatu,"  164,059 ",2017,"  1,498 ",9.13
Vanuatu,"  168,322 ",2018,"  1,564 ",9.29
Zambia,"  9,899,869 ",2020,"  185,627 ",18.75
Zimbabwe,"  7,114,894 ",2011,"  112,710 ",15.84
Zimbabwe,"  7,215,013 ",2012,"  122,201 ",16.94
Zimbabwe,"  7,321,283 ",2013,"  131,983 ",18.03
Zimbabwe,"  7,430,927 ",2014,"  141,448 ",19.04
Zimbabwe,"  7,543,272 ",2015,"  150,503 ",19.95
Zimbabwe,"  7,642,765 ",2016,"  158,627 ",20.76
Zimbabwe,"  7,759,792 ",2017,"  168,145 ",21.67
Zimbabwe,"  7,892,169 ",2018,"  184,955 ",23.44
Zimbabwe,"  8,034,692 ",2019,"  209,983 ",26.13
Zimbabwe,"  8,185,716 ",2020,"  230,256 ",28.13
,,,,
 This economy was included in the Eurostat List of offshore financial centres.,,,,
" For Canada, only the data for Quebec and Ontario were included.",,,,
"For China, only the data for Beijing and Shanghai were included.",,,,